<CodeSystem xmlns="http://hl7.org/fhir">
  <id value="arp-priority-codes" />
  <url value="https://fhir.nhs.uk/CodeSystem/arp-priority-codes" />
  <identifier>
    <system value="https://fhir.nhs.uk/identifier/CodeSystem" />
    <value value="arp-priority-codes" />
  </identifier>
  <version value="1.0.0" />
  <name value="arpprioritycodes" />
  <title value="ARP Priority Codes" />
  <status value="active" />
  <date value="2022-06-30" />
  <publisher value="NHS Digital" />
  <contact>
    <name value="NHS Digital" />
    <telecom>
      <system value="email" />
      <value value="interoperabilityteam@nhs.net" />
      <use value="work" />
    </telecom>
  </contact>
  <description value="ARP Priority Codes" />
  <copyright value="Copyright © 2022 NHS Digital" />
  <caseSensitive value="true" />
  <content value="complete" />
  <concept>
    <code value="C1" />
    <display value="Cat1 Life Threatening" />
  </concept>
  <concept>
    <code value="C2" />
    <display value="Cat2 Emergency" />
  </concept>
  <concept>
    <code value="C3" />
    <display value="Cat3 Urgent" />
  </concept>
  <concept>
    <code value="C4" />
    <display value="Cat4 Less Urgent" />
  </concept>
  <concept>
    <code value="C4T" />
    <display value="Cat4 Less Urgent - transport" />
  </concept>
  <concept>
    <code value="C5" />
    <display value="Non Ambulance" />
  </concept>
  <concept>
    <code value="HCP1" />
    <display value="HCP1 Life Threatening" />
  </concept>
  <concept>
    <code value="HCP2" />
    <display value="HCP2 Emergency" />
  </concept>
  <concept>
    <code value="HCP3" />
    <display value="HCP3 Urgent" />
  </concept>
  <concept>
    <code value="HCP4" />
    <display value="HCP4 Less Urgent" />
  </concept>
  <concept>
    <code value="HP4T" />
    <display value="HCP4 Less Urgent - transport" />
  </concept>
  <concept>
    <code value="IFT1" />
    <display value="IFT1 Life Threatening" />
  </concept>
  <concept>
    <code value="IFT2" />
    <display value="IFT2 Emergency" />
  </concept>
  <concept>
    <code value="IFT3" />
    <display value="IFT3 Urgent" />
  </concept>
  <concept>
    <code value="IFT4" />
    <display value="IFT4 Less Urgent" />
  </concept>
</CodeSystem>