<CodeSystem xmlns="http://hl7.org/fhir">
  <id value="message-events-bars" />
  <url value="https://fhir.nhs.uk/CodeSystem/message-events-bars" />
  <identifier>
    <system value="https://fhir.nhs.uk/identifier/CodeSystem" />
    <value value="message-events-bars" />
  </identifier>
  <version value="1.0.0" />
  <name value="MessageEventsBARS" />
  <title value="Message Events BARS" />
  <status value="active" />
  <date value="2022-02-11" />
  <publisher value="NHS Digital" />
  <contact>
    <name value="NHS Digital" />
    <telecom>
      <system value="email" />
      <value value="interoperabilityteam@nhs.net" />
      <use value="work" />
    </telecom>
  </contact>
  <description value="Common messaging events for BARS Service Requests." />
  <copyright value="Copyright © 2021 NHS Digital" />
  <caseSensitive value="true" />
  <content value="complete" />
  <concept>
    <code value="servicerequest-request" />
    <display value="Service Request - Request" />
    <definition value="A Service Request - request for service" />
  </concept>
  <concept>
    <code value="servicerequest-response" />
    <display value="Service Request - Response" />
    <definition value="A Service Request - response to the service" />
  </concept>
  <concept>
    <code value="booking-request" />
    <display value="Booking Request - Request" />
    <definition value="A Booking Request - request for service" />
  </concept>
  <concept>
    <code value="booking-response" />
    <display value="Booking Request - Response" />
    <definition value="A Booking Request - response to the service" />
  </concept>
</CodeSystem>