<?xml version="1.0" encoding="UTF-8"?>
<CodeSystem xmlns="http://hl7.org/fhir">
    <id value="consent-categories-bars"/>
    <url value="https://fhir.nhs.uk/CodeSystem/consent-categories-bars"/>
    <identifier>
        <system value="https://fhir.nhs.uk/identifier/CodeSystem"/>
        <value value="consent-categories-bars"/>
    </identifier>
    <version value="1.0.0"/>
    <name value="consentcategoriesbars"/>
    <title value="Consent Categories BARS"/>
    <status value="active"/>
    <date value="2022-03-15"/>
    <publisher value="NHS Digital"/>
    <contact>
        <name value="NHS Digital" />
        <telecom>
            <system value="email" />
            <value value="interoperabilityteam@nhs.net" />
            <use value="work" />
        </telecom>
    </contact>
    <description value="Consent Categories in BaRS"/>
    <copyright value="Copyright &#169; 2022 NHS Digital" />
    <caseSensitive value="true"/>
    <content value="complete"/>
	<!-- This list is intended to support all Flag Categories supported within BaRS -->
    <concept>
        <code value="DRC" />
        <display value="Direct Care" />
    </concept>
</CodeSystem>