<CodeSystem xmlns="http://hl7.org/fhir">
  <id value="flag-categories-bars" />
  <url value="https://fhir.nhs.uk/CodeSystem/flag-categories-bars" />
  <identifier>
    <system value="https://fhir.nhs.uk/identifier/CodeSystem" />
    <value value="flag-categories-bars" />
  </identifier>
  <version value="1.0.0" />
  <name value="flagcategoriesbars" />
  <title value="Flag Categories BARS" />
  <status value="active" />
  <date value="2022-03-11" />
  <publisher value="NHS Digital" />
  <contact>
    <name value="NHS Digital" />
    <telecom>
      <system value="email" />
      <value value="interoperabilityteam@nhs.net" />
      <use value="work" />
    </telecom>
  </contact>
  <description value="Flag Categories in BaRS" />
  <copyright value="Copyright © 2022 NHS Digital" />
  <caseSensitive value="true" />
  <content value="complete" />
  <!-- This list is intended to support all Flag Categories supported within BaRS -->
  <concept>
    <code value="SG" />
    <display value="Safeguarding Concern" />
  </concept>
  <concept>
    <code value="SS" />
    <display value="Scene Safety" />
  </concept>
  <concept>
    <code value="RS" />
    <display value="Rejected Services" />
  </concept>
  <concept>
    <code value="RA" />
    <display value="Reasonable Adjustment" />
  </concept>
  <concept>
    <code value="IR" />
    <display value="Infection Risk" />
  </concept>
  <concept>
    <code value="RC" />
    <display value="Repeat Caller" />
  </concept>
    <concept>
    <code value="RT" />
    <display value="ReSPECT" />
  </concept>
</CodeSystem>