<?xml version="1.0" encoding="UTF-8"?>
<CodeSystem xmlns="http://hl7.org/fhir">
    <id value="location-types-bars"/>
    <url value="https://fhir.nhs.uk/CodeSystem/location-types-bars"/>
    <identifier>
        <system value="https://fhir.nhs.uk/identifier/CodeSystem"/>
        <value value="location-types-bars"/>
    </identifier>
    <version value="1.0.0"/>
    <name value="locationtypesbars"/>
    <title value="Location Types BARS"/>
    <status value="active"/>
    <date value="2023-12-28"/>
    <publisher value="NHS Digital"/>
    <contact>
        <name value="NHS Digital" />
        <telecom>
            <system value="email" />
            <value value="interoperabilityteam@nhs.net" />
            <use value="work" />
        </telecom>
    </contact>
    <description value="Location Types Codes"/>
    <copyright value="Copyright &#169; 2021 NHS Digital" />
    <caseSensitive value="true"/>
    <content value="complete"/>
    <concept>
        <code value="ILOC" />
        <display value="Incident Location" />
    </concept>
    <concept>
        <code value="CLOC" />
        <display value="Caller Location" />
    </concept>
    <concept>
        <code value="RLOC" />
        <display value="Rendezvous Location" />
    </concept>
	<concept>
        <code value="OLOC" />
        <display value="Other Location" />
    </concept>
</CodeSystem>