<?xml version="1.0" encoding="UTF-8"?>
<CodeSystem xmlns="http://hl7.org/fhir">
    <id value="rejected-reasons-bars"/>
    <url value="https://fhir.nhs.uk/CodeSystem/rejected-reasons-bars"/>
    <identifier>
        <system value="https://fhir.nhs.uk/identifier/CodeSystem"/>
        <value value="rejected-reasons-bars"/>
    </identifier>
    <version value="1.0.0"/>
    <name value="rejectedreasonsbars"/>
    <title value="Rejected Reasons BARS"/>
    <status value="active"/>
    <date value="2023-12-28"/>
    <publisher value="NHS Digital"/>
    <contact>
        <name value="NHS Digital" />
        <telecom>
            <system value="email" />
            <value value="interoperabilityteam@nhs.net" />
            <use value="work" />
        </telecom>
    </contact>
    <description value="Rejected Reasons BARS"/>
    <copyright value="Copyright &#169; 2022 NHS Digital" />
    <caseSensitive value="true"/>
    <content value="complete"/>
	<!-- Rejected Reasons -->
    <concept>
        <code value="RRNA" />
        <display value="Requested resource not available within timescale" />
    </concept>
	<concept>
        <code value="OTH" />
        <display value="Other" />
    </concept>
</CodeSystem>