<CodeSystem xmlns="http://hl7.org/fhir">
  <id value="triage-outcome-pathways-sg-codes" />
  <url value="https://fhir.nhs.uk/CodeSystem/pathways-sg-codes" />
  <identifier>
    <system value="https://fhir.nhs.uk/identifier/pathways-sg-codes" />
    <value value="pathways-sg-codes" />
  </identifier>
  <version value="1.0.2" />
  <name value="pathwayssgcodes" />
  <title value="Triage Outcome Pathways SG Codes" />
  <status value="active" />
  <date value="2023-04-13" />
  <publisher value="NHS Digital" />
  <contact>
    <name value="NHS Digital" />
    <telecom>
      <system value="email" />
      <value value="interoperabilityteam@nhs.net" />
      <use value="work" />
    </telecom>
  </contact>
  <description value="Pathways SG Codes from the triage outcome. These are EXAMPLE VALUES ONLY." />
  <copyright value="Copyright © 2022 NHS Digital" />
  <content value="complete" />
  <concept>
    <code value="1010" />
    <display value="Allergic Reaction" />
  </concept>
  <concept>
    <code value="SG1011" />
    <display value="Ankle or Foot Injury, Blunt" />
  </concept>
  <concept>
    <code value="SG1137" />
    <display value="Palpitations" />
  </concept>
  <concept>
    <code value="1122334455" />
    <display value="SG Code example" />
  </concept>
  <concept>
    <code value="SG1193" />
    <display value="Immediate threats to life" />
  </concept>
</CodeSystem>