<CodeSystem xmlns="http://hl7.org/fhir">
  <id value="triage-outcome-pathways-pathway-codes" />
  <url value="https://fhir.nhs.uk/CodeSystem/pathways-pathway-codes" />
  <identifier>
    <system value="https://fhir.nhs.uk/identifier/pathways-pathway-codes" />
    <value value="pathways-pathway-codes" />
  </identifier>
  <version value="1.0.2" />
  <name value="pathwayspathwaycodes" />
  <title value="Triage Outcome Pathways Pathway Codes" />
  <status value="active" />
  <date value="2023-04-13" />
  <publisher value="NHS Digital" />
  <contact>
    <name value="NHS Digital" />
    <telecom>
      <system value="email" />
      <value value="interoperabilityteam@nhs.net" />
      <use value="work" />
    </telecom>
  </contact>
  <description value="Pathways Pathway Codes from the triage outcome. These are EXAMPLE VALUES ONLY." />
  <copyright value="Copyright © 2022 NHS Digital" />
  <content value="complete" />
  <concept>
    <code value="PA21" />
    <display value="Chest and Upper Back Pain" />
  </concept>
  <concept>
    <code value="PMA1" />
    <display value="Calling About Self" />
  </concept>
</CodeSystem>