{
    "resourceType": "CapabilityStatement",
    "id": "CPIS-FHIR-API-Consumer",
    "url": "https://fhir.nhs.uk/CapabilityStatement/CPIS-FHIR-API-Consumer",
    "version": "1.0.0",
    "name": "CPISFHIRAPIConsumer",
    "title": "CPIS FHIR API Consumer",
    "status": "draft",
    "experimental": false,
    "date": "2023-10-02",
    "publisher": "NHS England",
    "contact": [
        {
            "name": "NHS England",
            "telecom": [
                {
                    "system": "email",
                    "value": "interoperabilityteam@nhs.net",
                    "use": "work",
                    "rank": 1
                }
            ]
        }
    ],
    "description": "Conformance requirements for NHS England CPIS FHIR API Consumer Implementation Guide",
    "purpose": "Conformance requirements for NHS England CPIS FHIR API Consumer Implementation Guide",
    "copyright": "Copyright © 2023+ NHS England Licensed under the Apache License, Version 2.0 (the &quot;License&quot;); you may not use this file except in compliance with the License. You may obtain a copy of the License at  http://www.apache.org/licenses/LICENSE-2.0 Unless required by applicable law or agreed to in writing, software distributed under the License is distributed on an &quot;AS IS&quot; BASIS, WITHOUT WARRANTIES OR CONDITIONS OF ANY KIND, either express or implied. See the License for the specific language governing permissions and limitations under the License. HL7® FHIR® standard Copyright © 2011+ HL7 The HL7® FHIR® standard is used under the FHIR license. You may obtain a copy of the FHIR license at  https://www.hl7.org/fhir/license.html.",
    "kind": "requirements",
    "fhirVersion": "4.0.1",
    "format": [
        "json"
    ],
    "rest": [
        {
            "mode": "client",
            "security": {
                "cors": false,
                "service": [
                    {
                        "coding": [
                            {
                                "system": "http://terminology.hl7.org/CodeSystem/restful-security-service",
                                "code": "OAuth"
                            }
                        ]
                    }
                ],
                "description": "OIDC and OAuth2 via user present CIS2"
            },
            "resource": [
                {
                    "type": "CareTeam",
                    "profile": "http://hl7.org/fhir/StructureDefinition/CareTeam",
                    "interaction": [
                        {
                            "code": "read"
                        }
                    ],
                    "searchParam": [
                        {
                            "name": "patient",
                            "definition": "http://hl7.org/fhir/SearchParameter/clinical-patient",
                            "type": "token"
                        }
                    ]
                },
                {
                    "type": "AuditEvent",
                    "profile": "http://hl7.org/fhir/StructureDefinition/AuditEvent",
                    "interaction": [
                        {
                            "code": "read"
                        }
                    ],
                    "searchInclude": [
                        "PractitionerRole"
                    ],
                    "searchParam": [
                        {
                            "name": "patient",
                            "definition": "http://hl7.org/fhir/SearchParameter/clinical-patient",
                            "type": "token",
                            "documentation": "AuditEvent.agent.who.where(resolve() is Patient) | AuditEvent.entity.what.where(resolve() is Patient)"
                        }
                    ]
                }
            ]
        }
    ]
}