{
    "resourceType": "Organization",
    "id": "FCE71",
    "meta": {
        "profile": [
            "https://fhir.hl7.org.uk/StructureDefinition/UKCore-Organization",
            "https://fhir.nhs.uk/England/StructureDefinition/England-Organization-ODS"
        ]
    },
    "extension": [
        {
            "url": "https://fhir.nhs.uk/England/StructureDefinition/Extension-England-OrganisationRole",
            "extension": [
                {
                    "url": "instanceID",
                    "valueInteger": 214621
                },
                {
                    "url": "roleCode",
                    "valueCodeableConcept": {
                        "coding": [
                            {
                                "system": "https://digital.nhs.uk/services/organisation-data-service/CodeSystem/ODSOrganisationRole",
                                "code": "RO182",
                                "display": "PHARMACY"
                            }
                        ]
                    }
                },
                {
                    "url": "https://fhir.nhs.uk/England/StructureDefinition/Extension-England-TypedPeriod",
                    "extension": [
                        {
                            "url": "dateType",
                            "valueCoding": {
                                "system": "https://fhir.nhs.uk/England/CodeSystem/England-PeriodType",
                                "code": "Legal",
                                "display": "Legal"
                            }
                        },
                        {
                            "url": "period",
                            "valuePeriod": {
                                "start": "1948-01-01",
                                "end": "2023-04-23"
                            }
                        }
                    ]
                },
                {
                    "url": "https://fhir.nhs.uk/England/StructureDefinition/Extension-England-TypedPeriod",
                    "extension": [
                        {
                            "url": "dateType",
                            "valueCoding": {
                                "system": "https://fhir.nhs.uk/England/CodeSystem/England-PeriodType",
                                "code": "Operational",
                                "display": "Operational"
                            }
                        },
                        {
                            "url": "period",
                            "valuePeriod": {
                                "start": "1948-01-01",
                                "end": "2023-04-23"
                            }
                        }
                    ]
                },
                {
                    "url": "active",
                    "valueBoolean": false
                }
            ]
        },
        {
            "url": "https://fhir.nhs.uk/England/StructureDefinition/Extension-England-TypedDateTime",
            "extension": [
                {
                    "url": "type",
                    "valueCoding": {
                        "system": "https://fhir.nhs.uk/England/CodeSystem/England-ODSDateTime",
                        "code": "LastChangeDate",
                        "display": "Last Change Date"
                    }
                },
                {
                    "url": "dateTime",
                    "valueDateTime": "2024-01-15"
                }
            ]
        }
    ],
    "identifier": [
        {
            "use": "official",
            "system": "https://fhir.nhs.uk/Id/ods-organization-code",
            "value": "FCE71",
            "assigner": {
                "display": "NHS BUSINESS SERVICES AUTHORITY"
            }
        }
    ],
    "active": false,
    "type": [
        {
            "coding": [
                {   
                    "system": "https://fhir.nhs.uk/England/CodeSystem/England-ODSRecordUseType",
                    "code": "Full",
                    "display": "Full"
                }
            ]
        },
        {
            "coding": [
                {
                    "system": "https://digital.nhs.uk/services/organisation-data-service/CodeSystem/ODSRecordClass",
                    "code": "RC1",
                    "display": "HSCOrg"
                }
            ]
        }
    ],
    "name": "LLOYDS PHARMACY",
    "telecom": [
        {
            "system": "phone",
            "value": "01922 646521"
        }
    ],
    "address": [
        {
            "extension": [
                {
                    "url": "https://fhir.hl7.org.uk/StructureDefinition/Extension-UKCore-AddressKey",
                    "extension": [
                        {
                            "url": "type",
                            "valueCodeableConcept": {
                                "coding": [
                                    {
                                        "system": "https://fhir.hl7.org.uk/CodeSystem/UKCore-AddressKeyType",
                                        "code": "UPRN",
                                        "display": "Unique Property Reference Number"
                                    }
                                ]
                            }
                        },
                        {
                            "url": "value",
                            "valueString": "100071066809"
                        }
                    ]
                }
            ],
            "line": [
                "DARTMOUTH STATIONERS",
                "126 LICHFIELD STREET"
            ],
            "city": "WALSALL",
            "district": "WEST MIDLANDS",
            "postalCode": "WS1 1SY",
            "country": "ENGLAND"
        }
    ]
}