<CodeSystem xmlns="http://hl7.org/fhir">
  <id value="England-ODSRecordUseType" />
  <url value="https://fhir.nhs.uk/England/CodeSystem/England-ODSRecordUseType" />
  <version value="1.0.0" />
  <name value="EnglandODSRecordUseType" />
  <title value="England ODS Record Use Type" />
  <status value="active" />
  <date value="2023-12-07" />
  <publisher value="NHS England" />
  <contact>
    <name value="NHS England" />
    <telecom>
      <system value="email" />
      <value value="interoperabilityteam@nhs.net" />
      <use value="work" />
      <rank value="1" />
    </telecom>
  </contact>
  <contact>
    <name value="Organisation Data Service" />
    <telecom>
      <system value="email" />
      <value value="exeter.helpdesk@nhs.net" />
      <use value="work" />
      <rank value="1" />
    </telecom>
  </contact>
  <description value="A set of codes that define the intended use of a record within the Organisation Data Services (ODS). Full records are complete, whereas skeleton/partial records are provided for reference use only. Record use type is distinct from Status and Record Class.&#13;&#13;For more information see: [ODS Reference Data Catalogue](https://odsdatasearchandexport.dc4h.link/referenceDataCatalogue/index.html)." />
  <copyright value="Copyright © 2023+ NHS England Licensed under the Apache License, Version 2.0 (the \&quot;License\&quot;); you may not use this file except in compliance with the License. You may obtain a copy of the License at  http://www.apache.org/licenses/LICENSE-2.0 Unless required by applicable law or agreed to in writing, software distributed under the License is distributed on an \&quot;AS IS\&quot; BASIS, WITHOUT WARRANTIES OR CONDITIONS OF ANY KIND, either express or implied. See the License for the specific language governing permissions and limitations under the License. HL7® FHIR® standard Copyright © 2011+ HL7 The HL7® FHIR® standard is used under the FHIR license. You may obtain a copy of the FHIR license at  https://www.hl7.org/fhir/license.html." />
  <content value="complete" />
  <concept>
    <code value="Full" />
    <display value="Full" />
    <definition value="A complete record of an ODS entity" />
  </concept>
  <concept>
    <code value="RefOnly" />
    <display value="RefOnly" />
    <definition value="Skeletal record, maintained for referential integrity purpose only" />
  </concept>
</CodeSystem>