<CapabilityStatement xmlns="http://hl7.org/fhir">
  <id value="England-ODS-Requirements" />
  <url value="https://fhir.nhs.uk/England/CapabilityStatement/England-ODS-Requirements" />
  <version value="0.0.1" />
  <name value="EnglandODSRequirements" />
  <title value="England ODS Requirements" />
  <status value="draft" />
  <date value="2024-01-11" />
  <publisher value="NHS England" />
  <contact>
    <name value="NHS England" />
    <telecom>
      <system value="email" />
      <value value="interoperabilityteam@nhs.net" />
      <use value="work" />
      <rank value="1" />
    </telecom>
  </contact>
  <description value="Requirements for NHS England ODS FHIR API Implementation Guide" />
  <jurisdiction> 
    <coding> 
      <system value="urn:iso:std:iso:3166:-2" /> 
      <code value="GB-ENG" /> 
      <display value="England" /> 
    </coding> 
  </jurisdiction> 
  <purpose value="Requirements for NHS England ODS FHIR API Implementation Guide, to specify the RESTFul interactions, supported profiles, and expected minimum SearchParamneters." />
  <copyright value="Copyright &#169; 2023+ NHS England Licensed under the Apache License, Version 2.0 (the &amp;quot;License&amp;quot;); you may not use this file except in compliance with the License. You may obtain a copy of the License at  http://www.apache.org/licenses/LICENSE-2.0 Unless required by applicable law or agreed to in writing, software distributed under the License is distributed on an &amp;quot;AS IS&amp;quot; BASIS, WITHOUT WARRANTIES OR CONDITIONS OF ANY KIND, either express or implied. See the License for the specific language governing permissions and limitations under the License. HL7&#174; FHIR&#174; standard Copyright &#169; 2011+ HL7 The HL7&#174; FHIR&#174; standard is used under the FHIR license. You may obtain a copy of the FHIR license at  https://www.hl7.org/fhir/license.html." />
  <kind value="requirements" />
  <fhirVersion value="4.0.1" />
  <format value="application/fhir+json" />
  <format value="application/fhir+xml" />
  <implementationGuide value="https://simplifier.net/guide/organisational-data-services" /> 
  <rest>
    <mode value="server" />
    <security>
      <cors value="false" />
      <service>
        <coding>
          <system value="http://terminology.hl7.org/CodeSystem/restful-security-service" />
          <code value="OAuth" />
        </coding>
      </service>
      <description value="This API is application-restricted, meaning we authenticate the calling application but not the end user. 
We are using OAuth 2.0. To use this access mode, you will be provided with a client id and client secret. 
These are currently set to expire after 24 hours, after which time you will need to request a new token. 
A client credentials token is necessary to obtain to authenticate with the Terminology Server. A free tool like Postman can be used to obtain tokens and issue requests, or any other RESTful client" />
    </security>
    <resource>
      <type value="Organization" />
      <profile value="https://fhir.hl7.org.uk/StructureDefinition/UKCore-Organization" />
      <interaction>
        <code value="read" />
      </interaction>
      <searchParam>
        <name value="identifier" />
        <definition value="http://hl7.org/fhir/SearchParameter/identifier" />
        <type value="token" />
      </searchParam>
      <searchParam>
        <name value="active" />
        <definition value="http://hl7.org/fhir/SearchParameter/active" />
        <type value="token" />
      </searchParam>
      <searchParam>
        <name value="type" />
        <definition value="http://hl7.org/fhir/SearchParameter/type" />
        <type value="token" />
      </searchParam>
      <searchParam>
        <name value="name" />
        <definition value="http://hl7.org/fhir/SearchParameter/name" />
        <type value="string" />
      </searchParam>
      <searchParam>
        <name value="address-country" />
        <definition value="http://hl7.org/fhir/SearchParameter/address-country" />
        <type value="string" />
      </searchParam>
      <searchParam>
        <name value="ods-role" />
        <definition value="https://fhir.nhs.uk/England/SearchParameter/England-ODS-Role" />
        <type value="token" />
      </searchParam>
      <searchParam>
        <name value="ods-lastChangeDate" />
        <definition value="https://fhir.nhs.uk/England/SearchParameter/England-ODS-LastChangeDate" />
        <type value="date" />
      </searchParam>
      <searchParam>
        <name value="ods-activeRole" />
        <definition value="https://fhir.nhs.uk/England/SearchParameter/England-ODS-ActiveRole" />
        <type value="token" />
      </searchParam>
    </resource>
    <resource>
      <type value="OrganizationAffiliation" />
      <profile value="https://fhir.hl7.org.uk/StructureDefinition/UKCore-OrganizationAffiliation" />
      <interaction>
        <code value="read" />
      </interaction>
      <searchParam>
        <name value="identifier" />
        <definition value="http://hl7.org/fhir/SearchParameter/identifier" />
        <type value="token" />
      </searchParam>
      <searchParam>
        <name value="active" />
        <definition value="http://hl7.org/fhir/SearchParameter/active" />
        <type value="token" />
      </searchParam>
      <searchParam>
        <name value="primary-organization" />
        <definition value="http://hl7.org/fhir/SearchParameter/primary-organization" />
        <type value="reference" />
      </searchParam>
      <searchParam>
        <name value="participating-organization" />
        <definition value="http://hl7.org/fhir/SearchParameter/participating-organization" />
        <type value="reference" />
      </searchParam>
    </resource>
  </rest>
</CapabilityStatement>
