<StructureDefinition xmlns="http://hl7.org/fhir">
  <id value="England-Organization-ODS" />
  <url value="https://fhir.nhs.uk/England/StructureDefinition/England-Organization-ODS" />
  <version value="0.0.1" />
  <name value="EnglandOrganizationODS" />
  <title value="England Organization ODS" />
  <status value="draft" />
  <experimental value="true" />
  <date value="2024-01-11" />
  <publisher value="NHS England" />
  <contact>
    <name value="NHS England" />
    <telecom>
      <system value="email" />
      <value value="interoperabilityteam@nhs.net" />
      <use value="work" />
      <rank value="1" />
    </telecom>
  </contact>
  <description value="This profile is made available to assist implementers who are creating and sending Organization FHIR instances to test that the created instances conform to the ODS FHIR implementation guide. It may also assist receivers testing that received instances are conformant with the ODS FHIR implementation guide." />
  <purpose value="This profile is made available to assist implementers who are creating and sending FHIR instances to test that the created instances conform to a specific FHIR implementation guide. It may also assist receivers testing that received instances are conformant with the FHIR implementation guide.&#xD; **Use of this profile is on the understanding that it is for testing purposes only. Use of this profile does not provide any form of assurance or accreditation and furthermore does not guarantee system conformance to a given FHIR Implementation guide.**" />
  <copyright value="Copyright © 2023+ NHS England Licensed under the Apache License, Version 2.0 (the \&quot;License\&quot;); you may not use this file except in compliance with the License. You may obtain a copy of the License at  http://www.apache.org/licenses/LICENSE-2.0 Unless required by applicable law or agreed to in writing, software distributed under the License is distributed on an \&quot;AS IS\&quot; BASIS, WITHOUT WARRANTIES OR CONDITIONS OF ANY KIND, either express or implied. See the License for the specific language governing permissions and limitations under the License. HL7® FHIR® standard Copyright © 2011+ HL7 The HL7® FHIR® standard is used under the FHIR license. You may obtain a copy of the FHIR license at  https://www.hl7.org/fhir/license.html." />
  <fhirVersion value="4.0.1" />
  <kind value="resource" />
  <abstract value="false" />
  <type value="Organization" />
  <baseDefinition value="https://fhir.hl7.org.uk/StructureDefinition/UKCore-Organization" />
  <derivation value="constraint" />
  <differential>
    <element id="Organization.extension">
      <path value="Organization.extension" />
      <min value="2" />
    </element>
    <element id="Organization.extension:organizationPeriod">
      <path value="Organization.extension" />
      <sliceName value="organizationPeriod" />
      <max value="0" />
    </element>
    <element id="Organization.extension:extensionEnglandOrganisationRole">
      <path value="Organization.extension" />
      <sliceName value="extensionEnglandOrganisationRole" />
      <min value="1" />
      <type>
        <code value="Extension" />
        <profile value="https://fhir.nhs.uk/England/StructureDefinition/Extension-England-OrganisationRole" />
      </type>
      <isModifier value="false" />
    </element>
    <element id="Organization.extension:extensionEnglandTypedDateTime">
      <path value="Organization.extension" />
      <sliceName value="extensionEnglandTypedDateTime" />
      <min value="1" />
      <type>
        <code value="Extension" />
        <profile value="https://fhir.nhs.uk/England/StructureDefinition/Extension-England-TypedDateTime" />
      </type>
      <isModifier value="false" />
    </element>
    <element id="Organization.extension:extensionEnglandTypedPeriod">
      <path value="Organization.extension" />
      <sliceName value="extensionEnglandTypedPeriod" />
      <type>
        <code value="Extension" />
        <profile value="https://fhir.nhs.uk/England/StructureDefinition/Extension-England-TypedPeriod" />
      </type>
      <isModifier value="false" />
    </element>
    <element id="Organization.identifier">
      <path value="Organization.identifier" />
      <min value="1" />
      <max value="1" />
    </element>
    <element id="Organization.identifier:odsOrganisationCode">
      <path value="Organization.identifier" />
      <sliceName value="odsOrganisationCode" />
      <min value="1" />
    </element>
    <element id="Organization.type">
      <path value="Organization.type" />
      <slicing>
        <discriminator>
          <type value="value" />
          <path value="coding.system" />
        </discriminator>
        <rules value="open" />
      </slicing>
      <min value="2" />
    </element>
    <element id="Organization.type:odsRecordClass">
      <path value="Organization.type" />
      <sliceName value="odsRecordClass" />
      <min value="1" />
      <max value="1" />
      <fixedCodeableConcept>
        <coding>
          <system value="https://digital.nhs.uk/services/organisation-data-service/CodeSystem/ODSRecordClass" />
        </coding>
      </fixedCodeableConcept>
    </element>
    <element id="Organization.type:odsRecordUseType">
      <path value="Organization.type" />
      <sliceName value="odsRecordUseType" />
      <min value="1" />
      <max value="1" />
      <fixedCodeableConcept>
        <coding>
          <system value="https://fhir.nhs.uk/England/CodeSystem/England-ODSRecordUseType" />
        </coding>
      </fixedCodeableConcept>
    </element>
    <element id="Organization.name">
      <path value="Organization.name" />
      <min value="1" />
    </element>
  </differential>
</StructureDefinition>