<ImplementationGuide xmlns="http://hl7.org/fhir">
  <id value="68701932-d21b-4b1c-9718-de11d6dfff75" />
  <url value="https://simplifier.net/guide/nhsbookingandreferrals" />
  <version value="1.0.0" />
  <name value="NHS Booking and Referrals - old marked for deletion" />
  <status value="draft" />
  <description value="NHS Booking and Referrals" />
  <packageId value="UK.NHSDigital.BARS.R4" />
  <fhirVersion value="4.0.0" />
  <definition>
    <page>
      <nameUrl value="Home.md" />
      <title value="Home" />
      <generation value="markdown" />
      <page>
        <nameUrl value="Introduction.md" />
        <title value="Introduction" />
        <generation value="markdown" />
        <page>
          <nameUrl value="Howtousethisimplementationguide.md" />
          <title value="How to use this implementation guide" />
          <generation value="markdown" />
        </page>
        <page>
          <nameUrl value="Releasenotes.md" />
          <title value="Release notes" />
          <generation value="markdown" />
        </page>
        <page>
          <nameUrl value="Guideversioning.md" />
          <title value="Guide versioning" />
          <generation value="markdown" />
        </page>
        <page>
          <nameUrl value="Glossary.md" />
          <title value="Glossary" />
          <generation value="markdown" />
        </page>
      </page>
      <page>
        <nameUrl value="FHIRAssets-duplicate-2.md" />
        <title value="FHIR Assets" />
        <generation value="markdown" />
        <page>
          <nameUrl value="Profiles.md" />
          <title value="Profiles" />
          <generation value="markdown" />
        </page>
        <page>
          <nameUrl value="Extensions.md" />
          <title value="Extensions" />
          <generation value="markdown" />
        </page>
        <page>
          <nameUrl value="CodeSystems.md" />
          <title value="CodeSystems" />
          <generation value="markdown" />
        </page>
        <page>
          <nameUrl value="ValueSets.md" />
          <title value="ValueSets" />
          <generation value="markdown" />
        </page>
        <page>
          <nameUrl value="ConceptMaps.md" />
          <title value="ConceptMaps" />
          <generation value="markdown" />
        </page>
        <page>
          <nameUrl value="SearchParameters-duplicate-2.md" />
          <title value="SearchParameters" />
          <generation value="markdown" />
        </page>
        <page>
          <nameUrl value="OperationDefinitions.md" />
          <title value="OperationDefinitions" />
          <generation value="markdown" />
        </page>
        <page>
          <nameUrl value="CapabilityStatements.md" />
          <title value="CapabilityStatements" />
          <generation value="markdown" />
        </page>
        <page>
          <nameUrl value="MessageDefinition.md" />
          <title value="Message Definition" />
          <generation value="markdown" />
        </page>
        <page>
          <nameUrl value="NamingSystems.md" />
          <title value="Naming Systems" />
          <generation value="markdown" />
        </page>
        <page>
          <nameUrl value="AllAssets.md" />
          <title value="All Assets" />
          <generation value="markdown" />
          <page>
            <nameUrl value="AllProfiles.md" />
            <title value="All Profiles" />
            <generation value="markdown" />
            <page>
              <nameUrl value="UKCore-Patient.md" />
              <title value="UKCore-Patient" />
              <generation value="markdown" />
            </page>
            <page>
              <nameUrl value="UKCore-Practitioner.md" />
              <title value="UKCore-Practitioner" />
              <generation value="markdown" />
            </page>
            <page>
              <nameUrl value="UKCore-PractitionerRole.md" />
              <title value="UKCore-PractitionerRole" />
              <generation value="markdown" />
            </page>
            <page>
              <nameUrl value="UKCore-EpisodeOfCare.md" />
              <title value="UKCore-EpisodeOfCare" />
              <generation value="markdown" />
            </page>
            <page>
              <nameUrl value="UKCore-Encounter.md" />
              <title value="UKCore-Encounter" />
              <generation value="markdown" />
            </page>
            <page>
              <nameUrl value="UKCore-Location.md" />
              <title value="UKCore-Location" />
              <generation value="markdown" />
            </page>
            <page>
              <nameUrl value="UKCore-Task.md" />
              <title value="UKCore-Task" />
              <generation value="markdown" />
            </page>
            <page>
              <nameUrl value="UKCore-ServiceRequest.md" />
              <title value="UKCore-ServiceRequest" />
              <generation value="markdown" />
            </page>
            <page>
              <nameUrl value="UKCore-CarePlan.md" />
              <title value="UKCore-CarePlan" />
              <generation value="markdown" />
            </page>
            <page>
              <nameUrl value="UKCore-List.md" />
              <title value="UKCore-List" />
              <generation value="markdown" />
            </page>
            <page>
              <nameUrl value="UKCore-RelatedPerson.md" />
              <title value="UKCore-RelatedPerson" />
              <generation value="markdown" />
            </page>
            <page>
              <nameUrl value="UKCore-Questionnaire.md" />
              <title value="UKCore-Questionnaire" />
              <generation value="markdown" />
            </page>
            <page>
              <nameUrl value="UKCore-QuestionnaireResponse.md" />
              <title value="UKCore-QuestionnaireResponse" />
              <generation value="markdown" />
            </page>
            <page>
              <nameUrl value="UKCore-Observation.md" />
              <title value="UKCore-Observation" />
              <generation value="markdown" />
            </page>
            <page>
              <nameUrl value="UKCore-Flag.md" />
              <title value="UKCore-Flag" />
              <generation value="markdown" />
            </page>
            <page>
              <nameUrl value="UKCore-Consent.md" />
              <title value="UKCore-Consent" />
              <generation value="markdown" />
            </page>
            <page>
              <nameUrl value="UKCore-Condition.md" />
              <title value="UKCore-Condition" />
              <generation value="markdown" />
            </page>
            <page>
              <nameUrl value="UKCore-Appointment.md" />
              <title value="UKCore-Appointment" />
              <generation value="markdown" />
            </page>
            <page>
              <nameUrl value="UKCore-CapabilityStatement.md" />
              <title value="UKCore-CapabilityStatement" />
              <generation value="markdown" />
            </page>
            <page>
              <nameUrl value="UKCore-DocumentReference.md" />
              <title value="UKCore-DocumentReference" />
              <generation value="markdown" />
            </page>
            <page>
              <nameUrl value="UKCore-HealthcareService.md" />
              <title value="UKCore-HealthcareService" />
              <generation value="markdown" />
            </page>
            <page>
              <nameUrl value="UKCore-Schedule.md" />
              <title value="UKCore-Schedule" />
              <generation value="markdown" />
            </page>
            <page>
              <nameUrl value="UKCore-Slot.md" />
              <title value="UKCore-Slot" />
              <generation value="markdown" />
            </page>
            <page>
              <nameUrl value="UKCore-Bundle.md" />
              <title value="UKCore-Bundle" />
              <generation value="markdown" />
            </page>
            <page>
              <nameUrl value="UKCore-MessageHeader.md" />
              <title value="UKCore-MessageHeader" />
              <generation value="markdown" />
            </page>
            <page>
              <nameUrl value="UKCore-Organization.md" />
              <title value="UKCore-Organization" />
              <generation value="markdown" />
            </page>
            <page>
              <nameUrl value="UKCore-MessageDefinition.md" />
              <title value="UKCore-MessageDefinition" />
              <generation value="markdown" />
            </page>
            <page>
              <nameUrl value="UKCore-StructureMap.md" />
              <title value="UKCore-StructureMap" />
              <generation value="markdown" />
            </page>
          </page>
          <page>
            <nameUrl value="AllExtensions.md" />
            <title value="All Extensions" />
            <generation value="markdown" />
          </page>
          <page>
            <nameUrl value="AllCodeSystems.md" />
            <title value="All CodeSystems" />
            <generation value="markdown" />
          </page>
          <page>
            <nameUrl value="AllValueSets.md" />
            <title value="All ValueSets" />
            <generation value="markdown" />
          </page>
          <page>
            <nameUrl value="AllConceptMaps.md" />
            <title value="All ConceptMaps" />
            <generation value="markdown" />
          </page>
        </page>
      </page>
      <page>
        <nameUrl value="Design.md" />
        <title value="Design" />
        <generation value="markdown" />
        <page>
          <nameUrl value="Designoverview.md" />
          <title value="Design overview" />
          <generation value="markdown" />
        </page>
        <page>
          <nameUrl value="DataMapping.md" />
          <title value="Data Mapping" />
          <generation value="markdown" />
        </page>
        <page>
          <nameUrl value="Interactions.md" />
          <title value="Interactions" />
          <generation value="markdown" />
        </page>
        <page>
          <nameUrl value="Transport.md" />
          <title value="Transport" />
          <generation value="markdown" />
        </page>
        <page>
          <nameUrl value="Acknowledgmentsandresponses.md" />
          <title value="Acknowledgments and responses" />
          <generation value="markdown" />
        </page>
        <page>
          <nameUrl value="Usecases.md" />
          <title value="Use cases" />
          <generation value="markdown" />
          <page>
            <nameUrl value="UseCasesOverview.md" />
            <title value="Use Cases Overview" />
            <generation value="markdown" />
            <page>
              <nameUrl value="Overview111toED.md" />
              <title value="Overview 111 to ED" />
              <generation value="markdown" />
              <page>
                <nameUrl value="111toED.md" />
                <title value="111 to ED" />
                <generation value="markdown" />
              </page>
            </page>
            <page>
              <nameUrl value="Overview999to111.md" />
              <title value="Overview 999 to 111" />
              <generation value="markdown" />
              <page>
                <nameUrl value="999Requestersendsvalidationrequestto111CASValidator.md" />
                <title value="999 (Requester) sends validation request to 111/CAS (Validator)" />
                <generation value="markdown" />
              </page>
              <page>
                <nameUrl value="111CASValidatorsendsaresponsetothevalidationrequest.md" />
                <title value="111/CAS (Validator) sends a response to the validation request" />
                <generation value="markdown" />
              </page>
              <page>
                <nameUrl value="999transferscaseto111serviceCAS.md" />
                <title value="999 transfers case to 111 service/CAS" />
                <generation value="markdown" />
              </page>
            </page>
            <page>
              <nameUrl value="Overview111toGP.md" />
              <title value="Overview 111 to GP" />
              <generation value="markdown" />
              <page>
                <nameUrl value="111toGP.md" />
                <title value="111 to GP" />
                <generation value="markdown" />
              </page>
            </page>
          </page>
        </page>
        <page>
          <nameUrl value="Usecontexts.md" />
          <title value="Use contexts" />
          <generation value="markdown" />
          <page>
            <nameUrl value="Usecontextsoverview.md" />
            <title value="Use contexts overview" />
            <generation value="markdown" />
            <page>
              <nameUrl value="Bundle.md" />
              <title value="Bundle" />
              <generation value="markdown" />
            </page>
            <page>
              <nameUrl value="MessageHeader.md" />
              <title value="MessageHeader" />
              <generation value="markdown" />
            </page>
            <page>
              <nameUrl value="ServiceRequest.md" />
              <title value="ServiceRequest" />
              <generation value="markdown" />
            </page>
          </page>
        </page>
      </page>
      <page>
        <nameUrl value="Build.md" />
        <title value="Build" />
        <generation value="markdown" />
        <page>
          <nameUrl value="HowtoconstructbundleX.md" />
          <title value="How to construct bundle [X]" />
          <generation value="markdown" />
          <page>
            <nameUrl value="BundleXcontents.md" />
            <title value="Bundle [X] contents" />
            <generation value="markdown" />
          </page>
          <page>
            <nameUrl value="BundleXmapping.md" />
            <title value="Bundle [X] mapping" />
            <generation value="markdown" />
          </page>
          <page>
            <nameUrl value="BundleXreferencing.md" />
            <title value="Bundle [X] referencing" />
            <generation value="markdown" />
          </page>
        </page>
        <page>
          <nameUrl value="HowtoconstructMessageX.md" />
          <title value="How to construct Message[X]" />
          <generation value="markdown" />
          <page>
            <nameUrl value="MessageXcontents.md" />
            <title value="Message [X] contents" />
            <generation value="markdown" />
          </page>
          <page>
            <nameUrl value="MessageXmapping.md" />
            <title value="Message [X] mapping" />
            <generation value="markdown" />
          </page>
          <page>
            <nameUrl value="MessageXreferencing.md" />
            <title value="Message [X] referencing" />
            <generation value="markdown" />
          </page>
        </page>
        <page>
          <nameUrl value="Howtoconstructclinicalcodedstructures.md" />
          <title value="How to construct clinical coded structures" />
          <generation value="markdown" />
          <page>
            <nameUrl value="HowtoconstructX.md" />
            <title value="How to construct [X]" />
            <generation value="markdown" />
          </page>
        </page>
        <page>
          <nameUrl value="APIusage.md" />
          <title value="API usage" />
          <generation value="markdown" />
        </page>
        <page>
          <nameUrl value="Errorhandling.md" />
          <title value="Error handling" />
          <generation value="markdown" />
        </page>
        <page>
          <nameUrl value="Querytypes.md" />
          <title value="Query types" />
          <generation value="markdown" />
        </page>
        <page>
          <nameUrl value="Operationresponses.md" />
          <title value="Operation responses" />
          <generation value="markdown" />
        </page>
      </page>
      <page>
        <nameUrl value="Examples.md" />
        <title value="Examples" />
        <generation value="markdown" />
        <page>
          <nameUrl value="ExampleX.md" />
          <title value="Example [X]" />
          <generation value="markdown" />
        </page>
      </page>
      <page>
        <nameUrl value="Downloads.md" />
        <title value="Downloads" />
        <generation value="markdown" />
      </page>
      <page>
        <nameUrl value="Helpandsupport.md" />
        <title value="Help and support" />
        <generation value="markdown" />
      </page>
    </page>
    <resource>
      <reference>
        <reference value="Patient/test" />
      </reference>
    </resource>
  </definition>
</ImplementationGuide>