{
  "resourceType": "Observation",
  "id": "BirthWeightObservation",
 
  "identifier": [
    {
      "system": "https://tools.ietf.org/html/rfc4122",
      "value": "cc8e3f12-0d46-449b-b9dc-75f5136851b8"
    }
  ],
  "status": "final",
  "category": [
    {
      "coding": [
        {
          "system": "http://terminology.hl7.org/CodeSystem/observation-category",
          "code": "vital-signs",
          "display": "Vital Signs"
        }
      ]
    }
  ],
  "code": {
    "coding": [
      {
        "system": "http://snomed.info/sct",
        "code": "364589006",
        "display": "Birth weight"
      },
      {
        "system": "http://loinc.org",
        "code": "8339-4",
        "display": "Birth weight Measured"
      }
    ]
  },
  "subject": {
    "reference": "Patient/30d3de6f-e800-47fa-b610-b02c7c8e9d57"
  },
  "effectiveDateTime": "2018-10-04T14:17:59+01:00",
  "performer": [
    {
      "reference": "Practitioner/627be677-3eb2-4db4-9570-5669fd8c92f5"
    },
    {
      "reference": "Organization/cdaea3db-8b40-41dc-9834-b42503e12382"
    }
  ],
  "valueQuantity": {
    "value": 12,
    "unit": "kilogram",
    "system": "http://unitsofmeasure.org",
    "code": "kg"
  }
}