{
  "resourceType": "Observation",
  "id": "BMICentileObservation",
 
  "identifier": [
    {
      "system": "https://tools.ietf.org/html/rfc4122",
      "value": "472d4e3a-3ed0-49a9-b2de-dd134b83e229"
    }
  ],
  "status": "final",
  "category": [
    {
      "coding": [
        {
          "system": "http://terminology.hl7.org/CodeSystem/observation-category",
          "code": "vital-signs",
          "display": "Vital Signs"
        }
      ]
    }
  ],
  "code": {
    "coding": [
      {
        "system": "http://snomed.info/sct",
        "code": "446974000",
        "display": "Body mass index centile"
      },
      {
        "system": "http://loinc.org",
        "code": "59576-9",
        "display": "Body mass index (BMI) [Percentile] Per age and gender"
      }
    ]
  },
  "subject": {
    "reference": "Patient/30d3de6f-e800-47fa-b610-b02c7c8e9d57"
  },
  "effectiveDateTime": "2018-10-04T14:17:59+01:00",
  "performer": [
    {
      "reference": "Practitioner/627be677-3eb2-4db4-9570-5669fd8c92f5"
    },
    {
      "reference": "Organization/cdaea3db-8b40-41dc-9834-b42503e12382"
    }
  ],
  "valueQuantity": {
    "value": 65,
    "unit": "percent",
    "system": "http://unitsofmeasure.org",
    "code": "%"
  }
}