{
  "resourceType": "Observation",
  "id": "BMIObservation",
 
  "identifier": [
    {
      "system": "https://tools.ietf.org/html/rfc4122",
      "value": "021ad131-5740-4090-a4ad-6f07506d17e7"
    }
  ],
  "status": "final",
  "category": [
    {
      "coding": [
        {
          "system": "http://terminology.hl7.org/CodeSystem/observation-category",
          "code": "vital-signs",
          "display": "Vital Signs"
        }
      ]
    }
  ],
  "code": {
    "coding": [
      {
        "system": "http://snomed.info/sct",
        "code": "60621009",
        "display": "Body mass index"
      },
      {
        "system": "http://loinc.org",
        "code": "39156-5",
        "display": "Body mass index (BMI) [Ratio]"
      }
    ]
  },
  "subject": {
    "reference": "Patient/30d3de6f-e800-47fa-b610-b02c7c8e9d57"
  },
  "effectiveDateTime": "2018-10-04T14:17:59+01:00",
  "performer": [
    {
      "reference": "Practitioner/627be677-3eb2-4db4-9570-5669fd8c92f5"
    },
    {
      "reference": "Organization/cdaea3db-8b40-41dc-9834-b42503e12382"
    }
  ],
  "valueQuantity": {
    "value": 16.2,
    "unit": "kilogram / (meter ^ 2)",
    "system": "http://unitsofmeasure.org",
    "code": "kg/m2"
  }
}