{
  "resourceType": "Observation",
  "id": "BodyWeightObservation",
 
  "identifier": [
    {
      "system": "https://tools.ietf.org/html/rfc4122",
      "value": "948bb53e-b166-470d-97ab-684523caa92a"
    }
  ],
  "status": "final",
  "category": [
    {
      "coding": [
        {
          "system": "http://terminology.hl7.org/CodeSystem/observation-category",
          "code": "vital-signs",
          "display": "Vital Signs"
        }
      ]
    }
  ],
  "code": {
    "coding": [
      {
        "system": "http://snomed.info/sct",
        "code": "27113001",
        "display": "Body weight"
      },
      {
        "system": "http://loinc.org",
        "code": "29463-7",
        "display": "Body Weight"
      }
    ]
  },
  "subject": {
    "reference": "Patient/30d3de6f-e800-47fa-b610-b02c7c8e9d57"
  },
  "effectiveDateTime": "2018-10-04T14:17:59+01:00",
  "performer": [
    {
      "reference": "Practitioner/627be677-3eb2-4db4-9570-5669fd8c92f5"
    },
    {
      "reference": "Organization/cdaea3db-8b40-41dc-9834-b42503e12382"
    }
  ],
  "valueQuantity": {
    "value": 65,
    "unit": "kilogram",
    "system": "http://unitsofmeasure.org",
    "code": "kg"
  }
}