{
  "resourceType": "Observation",
  "id": "HeadCircumferenceObservation",

  "identifier": [
    {
      "system": "https://tools.ietf.org/html/rfc4122",
      "value": "a816aa76-6e4f-410a-b0e0-7c6230a5cb7a"
    }
  ],
  "status": "final",
  "category": [
    {
      "coding": [
        {
          "system": "http://terminology.hl7.org/CodeSystem/observation-category",
          "code": "vital-signs",
          "display": "Vital Signs"
        }
      ]
    }
  ],
  "code": {
    "coding": [
      {
        "system": "http://snomed.info/sct",
        "code": "363811000",
        "display": "Head circumference measure"
      },
      {
        "system": "http://loinc.org",
        "code": "9843-4",
        "display": "Head Occipital-frontal circumference"
      }
    ]
  },
  "subject": {
    "reference": "Patient/30d3de6f-e800-47fa-b610-b02c7c8e9d57"
  },
  "effectiveDateTime": "2018-10-04T14:17:59+01:00",
  "performer": [
    {
      "reference": "Practitioner/627be677-3eb2-4db4-9570-5669fd8c92f5"
    },
    {
      "reference": "Organization/cdaea3db-8b40-41dc-9834-b42503e12382"
    }
  ],
  "valueQuantity": {
    "value": 41.2,
    "unit": "centimeter",
    "system": "http://unitsofmeasure.org",
    "code": "cm"
  }
}