{
  "resourceType": "Observation",
  "id": "OxygenSaturationObservation",

  "identifier": [
    {
      "system": "https://tools.ietf.org/html/rfc4122",
      "value": "deaa6c1a-b5d6-40a9-b12c-3f87e2b89105"
    }
  ],
  "status": "final",
  "category": [
    {
      "coding": [
        {
          "system": "http://terminology.hl7.org/CodeSystem/observation-category",
          "code": "vital-signs",
          "display": "Vital Signs"
        }
      ]
    }
  ],
  "code": {
    "coding": [
      {
        "system": "http://snomed.info/sct",
        "code": "103228002",
        "display": "Hemoglobin saturation with oxygen"
      },
      {
        "system": "http://loinc.org",
        "code": "2708-6",
        "display": "Oxygen saturation in Arterial blood"
      }
    ]
  },
  "subject": {
    "reference": "Patient/30d3de6f-e800-47fa-b610-b02c7c8e9d57"
  },
  "effectiveDateTime": "2018-10-04T14:17:59+01:00",
  "performer": [
    {
      "reference": "Practitioner/627be677-3eb2-4db4-9570-5669fd8c92f5"
    },
    {
      "reference": "Organization/cdaea3db-8b40-41dc-9834-b42503e12382"
    }
  ],
  "valueQuantity": {
    "value": 95,
    "unit": "percent",
    "system": "http://unitsofmeasure.org",
    "code": "%"
  }
}