{
  "resourceType": "Observation",
  "id": "TemperatureObservation",
  "identifier": [
    {
      "system": "https://tools.ietf.org/html/rfc4122",
      "value": "07907fc7-4a38-49af-b1cf-17503fdd1fa5"
    }
  ],
  "status": "final",
  "category": [
    {
      "coding": [
        {
          "system": "http://terminology.hl7.org/CodeSystem/observation-category",
          "code": "vital-signs",
          "display": "Vital Signs"
        }
      ]
    }
  ],
  "code": {
    "coding": [
      {
        "system": "http://snomed.info/sct",
        "code": "276885007",
        "display": "Core body temperature"
      },
      {
        "system": "http://loinc.org",
        "code": "8310-5",
        "display": "Body temperature"
      }
    ]
  },
  "subject": {
    "reference": "Patient/30d3de6f-e800-47fa-b610-b02c7c8e9d57"
  },
  "effectiveDateTime": "2018-10-04T14:17:59+01:00",
  "performer": [
    {
      "reference": "Practitioner/627be677-3eb2-4db4-9570-5669fd8c92f5"
    },
    {
      "reference": "Organization/cdaea3db-8b40-41dc-9834-b42503e12382"
    }
  ],
  "valueQuantity": {
    "value": 36.5,
    "unit": "degree Celsius",
    "system": "http://unitsofmeasure.org",
    "code": "Cel"
  }
}