<ImplementationGuide xmlns="http://hl7.org/fhir">
  <id value="England-ImplementationGuide-STU1" />
  <url value="https://fhir.nhs.uk/England/ImplmentationGuide/England-ImplementationGuide-STU1" />
  <version value="1.1.0" />
  <title value="EnglandImplementationGuideSTU1" />
  <title value="England Implementation Guide STU1" />
  <status value="active" />
  <date value="2024-02-16" />
  <publisher value="NHS England" />
  <contact>
    <name value="NHS England" />
    <telecom>
      <system value="email" />
      <value value="interoperabilityteam@nhs.net" />
      <use value="work" />
      <rank value="1" />
    </telecom>
  </contact>
  <description value="NHS England Implementation Guide for FHIR R4 programmes and products." />
  <jurisdiction>
    <coding>
      <system value="urn:iso:std:iso:3166:-2" />
      <code value="GB-ENG" />
      <display value="England" />
    </coding>
  </jurisdiction>
  <copyright value="Copyright © 2023+ NHS England Licensed under the Apache License, Version 2.0 (the &amp;quot;License&amp;quot;); you may not use this file except in compliance with the License. You may obtain a copy of the License at  http://www.apache.org/licenses/LICENSE-2.0 Unless required by applicable law or agreed to in writing, software distributed under the License is distributed on an &amp;quot;AS IS&amp;quot; BASIS, WITHOUT WARRANTIES OR CONDITIONS OF ANY KIND, either express or implied. See the License for the specific language governing permissions and limitations under the License. HL7® FHIR® standard Copyright © 2011+ HL7 The HL7® FHIR® standard is used under the FHIR license. You may obtain a copy of the FHIR license at  https://www.hl7.org/fhir/license.html." />
  <packageId value="fhir.r4.nhsengland.stu1" />
  <fhirVersion value="4.0.1" />
  <dependsOn id="hl7tx">
    <extension url="http://hl7.org/fhir/tools/StructureDefinition/implementationguide-dependency-comment">
      <valueMarkdown value="Automatically added as a dependency - all IGs depend on HL7 Terminology" />
    </extension>
    <uri value="http://terminology.hl7.org/ImplementationGuide/hl7.terminology" />
    <packageId value="hl7.terminology.r4" />
    <version value="5.3.0" />
  </dependsOn>
  <dependsOn id="hl7ext">
    <extension url="http://hl7.org/fhir/tools/StructureDefinition/implementationguide-dependency-comment">
      <valueMarkdown value="Automatically added as a dependency - all IGs depend on the HL7 Extension Pack" />
    </extension>
    <uri value="http://hl7.org/fhir/extensions/ImplementationGuide/hl7.fhir.uv.extensions" />
    <packageId value="hl7.fhir.uv.extensions.r4" />
    <version value="1.0.0" />
  </dependsOn>
  <dependsOn id="UKCore-ImplementationGuide-STU3Sequence">
    <extension url="http://hl7.org/fhir/tools/StructureDefinition/implementationguide-dependency-comment">
      <valueMarkdown value="NHS England IG derives from UK Core" />
    </extension>
    <uri value="https://fhir.hl7.org.uk/ImplementationGuide/UKCore-ImplementationGuide-STU3Sequence" />
    <packageId value="fhir.r4.ukcore.stu3.currentbuild" />
    <version value="1.7.0" />
  </dependsOn>
  <definition>
    <resource>
      <extension url="http://hl7.org/fhir/tools/StructureDefinition/resource-information">
        <valueString value="StructureDefinition:extension" />
      </extension>
      <reference>
        <reference value="StructureDefintion/Extension-England-FlagRemovalReason" />
      </reference>
      <name value="Extension England Flag Removal Reason" />
      <description value="An extension used to allow the removal of a Flag and to indicate the reason why the Flag needs removal or has been removed." />
      <exampleBoolean value="false" />
    </resource>
    <resource>
      <extension url="http://hl7.org/fhir/tools/StructureDefinition/resource-information">
        <valueString value="StructureDefinition:extension" />
      </extension>
      <reference>
        <reference value="StructureDefintion/Extension-England-OrganisationRole" />
      </reference>
      <name value="Extension England Organisation Role" />
      <description value="An extension to describe the role of the organisation." />
      <exampleBoolean value="false" />
    </resource>
    <resource>
      <extension url="http://hl7.org/fhir/tools/StructureDefinition/resource-information">
        <valueString value="StructureDefinition:extension" />
      </extension>
      <reference>
        <reference value="StructureDefintion/Extension-England-TypedDateTime" />
      </reference>
      <name value="Extension England Typed Date Time" />
      <description value="This supports the exchange of non-clinical business dates and times. The extension date and/or time is carried along with a code to identify the type of date and/or time." />
      <exampleBoolean value="false" />
    </resource>
    <resource>
      <extension url="http://hl7.org/fhir/tools/StructureDefinition/resource-information">
        <valueString value="StructureDefinition:extension" />
      </extension>
      <reference>
        <reference value="StructureDefintion/Extension-England-TypedPeriod" />
      </reference>
      <name value="Extension England Typed Period" />
      <description value="This supports the exchange of time periods. The extension time period is carried along with a code to identify whether the data is recorded for legal or operational periods." />
      <exampleBoolean value="false" />
    </resource>
    <resource>
      <extension url="http://hl7.org/fhir/tools/StructureDefinition/resource-information">
        <valueString value="ValueSet" />
      </extension>
      <reference>
        <reference value="ValueSet/England-ChildProtectionPlan" />
      </reference>
      <name value="England Child Protection Plan" />
      <description value="A set of codes that define the type of Child Protection Plan that is in place. Selected from UK SNOMED CT." />
      <exampleBoolean value="false" />
    </resource>
    <resource>
      <extension url="http://hl7.org/fhir/tools/StructureDefinition/resource-information">
        <valueString value="ValueSet" />
      </extension>
      <reference>
        <reference value="ValueSet/England-FlagRemovalReason" />
      </reference>
      <name value="England Flag Removal Reason" />
      <description value="This ValueSet defines the set of codes that can be used to indicate the reason a Flag was removed." />
      <exampleBoolean value="false" />
    </resource>
    <resource>
      <extension url="http://hl7.org/fhir/tools/StructureDefinition/resource-information">
        <valueString value="ValueSet" />
      </extension>
      <reference>
        <reference value="ValueSet/England-OrganisationRole" />
      </reference>
      <name value="England Organisation Role" />
      <description value="This ValueSet defines the codes used to identify the role of an organisation." />
      <exampleBoolean value="false" />
    </resource>
    <resource>
      <extension url="http://hl7.org/fhir/tools/StructureDefinition/resource-information">
        <valueString value="ValueSet" />
      </extension>
      <reference>
        <reference value="ValueSet/England-PeriodType" />
      </reference>
      <name value="England Period Type" />
      <description value="A ValueSet to identify the type of data for the date/time period described within the extension." />
      <exampleBoolean value="false" />
    </resource>
    <resource>
      <extension url="http://hl7.org/fhir/tools/StructureDefinition/resource-information">
        <valueString value="ValueSet" />
      </extension>
      <reference>
        <reference value="ValueSet/England-TypedDateTime" />
      </reference>
      <name value="England Typed Date Time" />
      <description value="This ValueSet defines the set of codes that can be used to describe the type of business date and time being recorded." />
      <exampleBoolean value="false" />
    </resource>
    <resource>
      <extension url="http://hl7.org/fhir/tools/StructureDefinition/resource-information">
        <valueString value="CodeSystem" />
      </extension>
      <reference>
        <reference value="CodeSystem/England-FGMRemovalReason" />
      </reference>
      <name value="England FGM Removal Reason" />
      <description value="A set of codes that define the reason a FGM Flag was removed." />
      <exampleBoolean value="false" />
    </resource>
    <resource>
      <extension url="http://hl7.org/fhir/tools/StructureDefinition/resource-information">
        <valueString value="CodeSystem" />
      </extension>
      <reference>
        <reference value="CodeSystem/England-ODSDateTime" />
      </reference>
      <name value="England ODS Date Time" />
      <description value="A set of codes that define the type of date and time being recorded, for the Organisation Data Service (ODS)." />
      <exampleBoolean value="false" />
    </resource>
    <resource>
      <extension url="http://hl7.org/fhir/tools/StructureDefinition/resource-information">
        <valueString value="CodeSystem" />
      </extension>
      <reference>
        <reference value="CodeSystem/England-ODSOrganisationRole" />
      </reference>
      <name value="England ODS Organisation Role" />
      <description value="A set of codes that define the high level roles that may be related to individual Organisations or ODS Sites. For more information and an up to date list see: Organisation Data Service CodeSet." />
      <exampleBoolean value="false" />
    </resource>
    <resource>
      <extension url="http://hl7.org/fhir/tools/StructureDefinition/resource-information">
        <valueString value="CodeSystem" />
      </extension>
      <reference>
        <reference value="CodeSystem/England-ODSRecordClass" />
      </reference>
      <name value="England ODS Record Class" />
      <description value="A set of codes that define the high level type / class of record published by Organisation Data Service (ODS). For more information and an up to date list see: Organisation Data Service CodeSet." />
      <exampleBoolean value="false" />
    </resource>
    <resource>
      <extension url="http://hl7.org/fhir/tools/StructureDefinition/resource-information">
        <valueString value="CodeSystem" />
      </extension>
      <reference>
        <reference value="CodeSystem/England-ODSRecordUseType" />
      </reference>
      <name value="England ODS Record Use Type" />
      <description value="A set of codes that define the intended use of a record within the Organisation Data Services (ODS). Full records are complete, whereas skeleton/partial records are provided for reference use only. Record use type is distinct from Status and Record Class. For more information see: ODS Reference Data Catalogue." />
      <exampleBoolean value="false" />
    </resource>
    <resource>
      <extension url="http://hl7.org/fhir/tools/StructureDefinition/resource-information">
        <valueString value="CodeSystem" />
      </extension>
      <reference>
        <reference value="CodeSystem/England-ODSRelationship" />
      </reference>
      <name value="England ODS Relationship" />
      <description value="A set of codes that define the type of relationships which are allowed between Organisation or Site entities/records using the Organisation Data Service (ODS). For more information and an up to date list see: Organisation Data Service CodeSet." />
      <exampleBoolean value="false" />
    </resource>
    <resource>
      <extension url="http://hl7.org/fhir/tools/StructureDefinition/resource-information">
        <valueString value="CodeSystem" />
      </extension>
      <reference>
        <reference value="CodeSystem/England-PeriodType" />
      </reference>
      <name value="England Period Type" />
      <description value="A set of codes that define the role/s of an organisation, as described by the Organisation Data Service" />
      <exampleBoolean value="false" />
    </resource>
    <resource>
      <extension url="http://hl7.org/fhir/tools/StructureDefinition/resource-information">
        <valueString value="CodeSystem" />
      </extension>
      <reference>
        <reference value="CodeSystem/England-PFSPrescriptionOrderingParameter" />
      </reference>
      <name value="England PFS Prescription Ordering Parameter" />
      <description value="A set of codes that define parameters provided when managing a patient's prescription" />
      <exampleBoolean value="false" />
    </resource>
    <page>
      <nameUrl value="Home" />
      <title value="Home" />
      <generation value="generated" />
      <page>
        <nameUrl value="Home/Guidance" />
        <title value="Guidance" />
        <generation value="generated" />
        <page>
          <nameUrl value="Home/Guidance/Sitemap-Overview.page.md" />
          <title value="Sitemap Overview" />
          <generation value="markdown" />
        </page>
        <page>
          <nameUrl value="Home/Guidance/NamingSystems.page.md" />
          <title value="NamingSystems" />
          <generation value="markdown" />
        </page>
        <page>
          <nameUrl value="Home/Guidance/Conformance.page.md" />
          <title value="Conformance" />
          <generation value="markdown" />
        </page>
      </page>
      <page>
        <nameUrl value="Home/Profiles-and-Extensions" />
        <title value="Profiles and Extensions" />
        <generation value="generated" />
        <page>
          <nameUrl value="Home/Profiles-and-Extensions/Extensions-Index.page.md" />
          <title value="Extensions Index" />
          <generation value="markdown" />
        </page>
        <page>
          <nameUrl value="Home/Profiles-and-Extensions/All-Extensions" />
          <title value="All Extensions" />
          <generation value="generated" />
          <page>
            <nameUrl value="Home/Profiles-and-Extensions/All-Extensions/Extension-England-FlagRemovalReason.page.md" />
            <title value="Extension-England-FlagRemovalReason" />
            <generation value="markdown" />
          </page>
          <page>
            <nameUrl value="Home/Profiles-and-Extensions/All-Extensions/Extension-England-OrganisationRole.page.md" />
            <title value="Extension-England-OrganisationRole" />
            <generation value="markdown" />
          </page>
          <page>
            <nameUrl value="Home/Profiles-and-Extensions/All-Extensions/Extension-England-TypedDateTime.page.md" />
            <title value="Extension-England-TypedDateTime" />
            <generation value="markdown" />
          </page>
          <page>
            <nameUrl value="Home/Profiles-and-Extensions/All-Extensions/Extension-England-TypedPeriod.page.md" />
            <title value="Extension-England-TypedPeriod" />
            <generation value="markdown" />
          </page>
        </page>
        <page>
          <nameUrl value="Home/Profiles-and-Extensions/Profiles-Index.page.md" />
          <title value="Profiles Index" />
          <generation value="markdown" />
        </page>
      </page>
      <page>
        <nameUrl value="Home/Terminology" />
        <title value="Terminology" />
        <generation value="generated" />
        <page>
          <nameUrl value="Home/Terminology/ValueSets-and-CodeSystems.page.md" />
          <title value="ValueSets and CodeSystems" />
          <generation value="markdown" />
        </page>
        <page>
          <nameUrl value="Home/Terminology/All-CodeSystems" />
          <title value="All CodeSystems" />
          <generation value="generated" />
          <page>
            <nameUrl value="Home/Terminology/All-CodeSystems/CodeSystem-England-FGMRemovalReason.page.md" />
            <title value="CodeSystem-England-FGMRemovalReason" />
            <generation value="markdown" />
          </page>
          <page>
            <nameUrl value="Home/Terminology/All-CodeSystems/CodeSystem-England-ODSDateTime.page.md" />
            <title value="CodeSystem-England-ODSDateTime" />
            <generation value="markdown" />
          </page>
          <page>
            <nameUrl value="Home/Terminology/All-CodeSystems/CodeSystem-England-ODSOrganisationRole.page.md" />
            <title value="CodeSystem-England-ODSOrganisationRole" />
            <generation value="markdown" />
          </page>
          <page>
            <nameUrl value="Home/Terminology/All-CodeSystems/CodeSystem-England-ODSRecordClass.page.md" />
            <title value="CodeSystem-England-ODSRecordClass" />
            <generation value="markdown" />
          </page>
          <page>
            <nameUrl value="Home/Terminology/All-CodeSystems/CodeSystem-England-ODSRecordUseType.page.md" />
            <title value="CodeSystem-England-ODSRecordUseType" />
            <generation value="markdown" />
          </page>
          <page>
            <nameUrl value="Home/Terminology/All-CodeSystems/CodeSystem-England-ODSRelationship.page.md" />
            <title value="CodeSystem-England-ODSRelationship" />
            <generation value="markdown" />
          </page>
          <page>
            <nameUrl value="Home/Terminology/All-CodeSystems/CodeSystem-England-PeriodType.page.md" />
            <title value="CodeSystem-England-PeriodType" />
            <generation value="markdown" />
          </page>
          <page>
            <nameUrl value="Home/Terminology/All-CodeSystems/CodeSystem-England-PFSPrescriptionOrderingParameter.page.md" />
            <title value="CodeSystem-England-PFSPrescriptionOrderingParameter" />
            <generation value="markdown" />
          </page>
        </page>
        <page>
          <nameUrl value="Home/Terminology/All-ValueSets" />
          <title value="All ValueSets" />
          <generation value="generated" />
          <page>
            <nameUrl value="Home/Terminology/All-ValueSets/ValueSet-England-ChildProtectionPlan.page.md" />
            <title value="ValueSet-England-ChildProtectionPlan" />
            <generation value="markdown" />
          </page>
          <page>
            <nameUrl value="Home/Terminology/All-ValueSets/ValueSet-England-FlagRemovalReason.page.md" />
            <title value="ValueSet-England-FlagRemovalReason" />
            <generation value="markdown" />
          </page>
          <page>
            <nameUrl value="Home/Terminology/All-ValueSets/ValueSet-England-OrganisationRole.page.md" />
            <title value="ValueSet-England-OrganisationRole" />
            <generation value="markdown" />
          </page>
          <page>
            <nameUrl value="Home/Terminology/All-ValueSets/ValueSet-England-PeriodType.page.md" />
            <title value="ValueSet-England-PeriodType" />
            <generation value="markdown" />
          </page>
          <page>
            <nameUrl value="Home/Terminology/All-ValueSets/ValueSet-England-TypedDateTime.page.md" />
            <title value="ValueSet-England-TypedDateTime" />
            <generation value="markdown" />
          </page>
        </page>
      </page>
      <page>
        <nameUrl value="Home/Examples" />
        <title value="Examples" />
        <generation value="generated" />
        <page>
          <nameUrl value="Home/Examples/Examples-Index.page.md" />
          <title value="Examples Index" />
          <generation value="markdown" />
        </page>
      </page>
      <page>
        <nameUrl value="Home/Contact-Us.page.md" />
        <title value="Contact Us" />
        <generation value="markdown" />
      </page>
      <page>
        <nameUrl value="Home/Downloads.page.md" />
        <title value="Downloads" />
        <generation value="markdown" />
      </page>
      <page>
        <nameUrl value="Home/Glossary.page.md" />
        <title value="Glossary" />
        <generation value="markdown" />
      </page>
    </page>
  </definition>
</ImplementationGuide>