<?xml version="1.0" encoding="UTF-8"?>
<Bundle xmlns="http://hl7.org/fhir">
	<id value="dba4e356-12a3-4c62-a336-fe7934cc51ce"/>
	<meta>
		<versionId value="9b2459d6-ffa8-4ecb-97e5-7bf0fac15e87"/>
		<lastUpdated value="2020-12-23T14:39:37.969+00:00"/>
	</meta>
	<type value="collection"/>
	<entry>
		<fullUrl value="Observation/21344a45-2660-45d1-9fb3-49e54d14b662"/>
		<resource>
			<Observation xmlns="http://hl7.org/fhir">
				<id value="21344a45-2660-45d1-9fb3-49e54d14b662"/>
				<identifier>
					<system value="https://tools.ietf.org/html/rfc4122"/>
					<value value="7188c7ad-7802-4d43-9775-4d9d684600d5"/>
				</identifier>
				<status value="final"/>
				<category>
					<coding>
						<system value="http://terminology.hl7.org/CodeSystem/observation-category"/>
						<code value="survey"/>
						<display value="Survey"/>
					</coding>
				</category>
				<code>
					<coding>
						<system value="http://snomed.info/sct"/>
						<code value="1104051000000101"/>
						<display value="Royal College of Physicians NEWS2 (National Early Warning Score 2) total score"/>
					</coding>
				</code>
				<subject>
					<reference value="Patient/ad2c58ab-ffab-4366-9c76-b0322e22e881"/>
				</subject>
				<effectiveDateTime value="2018-10-04T14:17:59+01:00"/>
				<performer>
					<reference value="Practitioner/7096e518-2638-4c00-ab0e-504c20cd50b6"/>
				</performer>
				<performer>
					<reference value="Organization/25d5ad55-5657-4cbe-9b8b-2e993f19286e"/>
				</performer>
				<valueQuantity>
					<value value="6"/>
					<system value="http://unitsofmeasure.org"/>
					<code value="{ScoreOf}"/>
				</valueQuantity>
				<derivedFrom>
					<reference value="Observation/fc6c6fa5-d8e8-4634-a19a-985325077cb2"/>
				</derivedFrom>
				<derivedFrom>
					<reference value="Observation/638c6821-eb51-4f1b-b8c0-5269d1df9b7c"/>
				</derivedFrom>
				<derivedFrom>
					<reference value="Observation/5a1625e8-938e-4c19-9d3e-a235bfb4b37d"/>
				</derivedFrom>
				<derivedFrom>
					<reference value="Observation/c756fd32-f04e-45a9-b02f-2461ed53c736"/>
				</derivedFrom>
				<derivedFrom>
					<reference value="Observation/1a1273f4-dd78-4bb4-bb98-ed6456caa2a2"/>
				</derivedFrom>
				<derivedFrom>
					<reference value="Observation/f0d26102-3a50-4993-9203-6089b625fc2f"/>
				</derivedFrom>
				<derivedFrom>
					<reference value="Observation/dbf6ec86-ebd7-4490-8586-596328519ed2"/>
				</derivedFrom>
				<component>
					<code>
						<coding>
							<system value="http://snomed.info/sct"/>
							<code value="1104301000000104"/>
							<display value="Royal College of Physicians NEWS2 (National Early Warning Score 2) - respiration rate score"/>
						</coding>
					</code>
					<valueQuantity>
						<value value="2"/>
						<system value="http://unitsofmeasure.org"/>
						<code value="{ScoreOf}"/>
					</valueQuantity>
				</component>
	
				<component>
					<code>
						<coding>
							<system value="http://snomed.info/sct"/>
							<code value="1104351000000103"/>
							<display value="Royal College of Physicians NEWS2 (National Early Warning Score 2) - pulse score"/>
						</coding>
					</code>
					<valueQuantity>
						<value value="1"/>
						<system value="http://unitsofmeasure.org"/>
						<code value="{ScoreOf}"/>
					</valueQuantity>
				</component>
				
				<component>
					<code>
						<coding>
							<system value="http://snomed.info/sct"/>
							<code value="1104311000000102"/>
							<display value="Royal College of Physicians NEWS2 (National Early Warning Score 2) - oxygen saturation scale 1 score"/>
						</coding>
					</code>
					<valueQuantity>
						<value value="2"/>
						<system value="http://unitsofmeasure.org"/>
						<code value="{ScoreOf}"/>
					</valueQuantity>
				</component>
			
				<component>
					<code>
						<coding>
							<system value="http://snomed.info/sct"/>
							<code value="1104331000000105"/>
							<display value="Royal College of Physicians NEWS2 (National Early Warning Score 2) - air or oxygen score"/>
						</coding>
					</code>
					<valueQuantity>
						<value value="0"/>
						<system value="http://unitsofmeasure.org"/>
						<code value="{ScoreOf}"/>
					</valueQuantity>
				</component>
			
				<component>
					<code>
						<coding>
							<system value="http://snomed.info/sct"/>
							<code value="1104371000000107"/>
							<display value="Royal College of Physicians NEWS2 (National Early Warning Score 2) - temperature score"/>
						</coding>
					</code>
					<valueQuantity>
						<value value="1"/>
						<system value="http://unitsofmeasure.org"/>
						<code value="{ScoreOf}"/>
					</valueQuantity>
				</component>
	
				<component>
					<code>
						<coding>
							<system value="http://snomed.info/sct"/>
							<code value="1104341000000101"/>
							<display value="Royal College of Physicians NEWS2 (National Early Warning Score 2) - systolic blood pressure score"/>
						</coding>
					</code>
					<valueQuantity>
						<value value="0"/>
						<system value="http://unitsofmeasure.org"/>
						<code value="{ScoreOf}"/>
					</valueQuantity>
				</component>
				
				<component>
					<code>
						<coding>
							<system value="http://snomed.info/sct"/>
							<code value="1104361000000100"/>
							<display value="Royal College of Physicians NEWS2 (National Early Warning Score 2) - consciousness score"/>
						</coding>
					</code>
					<valueQuantity>
						<value value="0"/>
						<system value="http://unitsofmeasure.org"/>
						<code value="{ScoreOf}"/>
					</valueQuantity>
				</component>
			</Observation>
		</resource>
	</entry>
	<entry>
		<fullUrl value="Observation/dbf6ec86-ebd7-4490-8586-596328519ed2"/>
		<resource>
			<Observation xmlns="http://hl7.org/fhir">
				<id value="dbf6ec86-ebd7-4490-8586-596328519ed2"/>
				
				<identifier>
					<system value="https://tools.ietf.org/html/rfc4122"/>
					<value value="2936d52c-5ae3-434b-8978-bfa7563ed31a"/>
				</identifier>
				<status value="final"/>
				<category>
					<coding>
						<system value="http://terminology.hl7.org/CodeSystem/observation-category"/>
						<code value="vital-signs"/>
						<display value="Vital Signs"/>
					</coding>
				</category>
				<code>
					<coding>
						<system value="http://snomed.info/sct"/>
						<code value="86290005"/>
						<display value="Respiratory rate"/>
					</coding>
					<coding>
						<system value="http://loinc.org"/>
						<code value="9279-1"/>
						<display value="Respiratory Rate"/>
					</coding>
				</code>
				<subject>
					<reference value="Patient/ad2c58ab-ffab-4366-9c76-b0322e22e881"/>
				</subject>
				<effectiveDateTime value="2018-10-04T14:17:59+01:00"/>
				<performer>
					<reference value="Practitioner/7096e518-2638-4c00-ab0e-504c20cd50b6"/>
				</performer>
				<performer>
					<reference value="Organization/25d5ad55-5657-4cbe-9b8b-2e993f19286e"/>
				</performer>
				<valueQuantity>
					<value value="21"/>
					<unit value="/min"/>
					<system value="http://unitsofmeasure.org"/>
				</valueQuantity>
			</Observation>
		</resource>
	</entry>
	<entry>
		<fullUrl value="Observation/f0d26102-3a50-4993-9203-6089b625fc2f"/>
		<resource>
			<Observation xmlns="http://hl7.org/fhir">
				<id value="f0d26102-3a50-4993-9203-6089b625fc2f"/>
				
				<identifier>
					<system value="https://tools.ietf.org/html/rfc4122"/>
					<value value="99a2f708-66aa-4e7f-a09c-5742600f376d"/>
				</identifier>
				<status value="final"/>
				<category>
					<coding>
						<system value="http://terminology.hl7.org/CodeSystem/observation-category"/>
						<code value="vital-signs"/>
						<display value="Vital Signs"/>
					</coding>
				</category>
				<code>
					<coding>
						<system value="http://snomed.info/sct"/>
						<code value="364075005"/>
						<display value="Heart rate"/>
					</coding>
					<coding>
						<system value="http://snomed.info/sct"/>
						<code value="78564009"/>
						<display value="Pulse rate"/>
						<userSelected value="true"/>
					</coding>
					<coding>
						<system value="http://loinc.org"/>
						<code value="8867-4"/>
						<display value="Heart rate"/>
					</coding>
				</code>
				<subject>
					<reference value="Patient/ad2c58ab-ffab-4366-9c76-b0322e22e881"/>
				</subject>
				<effectiveDateTime value="2018-10-04T14:17:59+01:00"/>
				<performer>
					<reference value="Practitioner/7096e518-2638-4c00-ab0e-504c20cd50b6"/>
				</performer>
				<performer>
					<reference value="Organization/25d5ad55-5657-4cbe-9b8b-2e993f19286e"/>
				</performer>
				<valueQuantity>
					<value value="95"/>
					<unit value="/min"/>
					<system value="http://unitsofmeasure.org"/>
				</valueQuantity>
			</Observation>
		</resource>
	</entry>
	<entry>
		<fullUrl value="Observation/1a1273f4-dd78-4bb4-bb98-ed6456caa2a2"/>
		<resource>
			<Observation xmlns="http://hl7.org/fhir">
				<id value="1a1273f4-dd78-4bb4-bb98-ed6456caa2a2"/>
				
				<identifier>
					<system value="https://tools.ietf.org/html/rfc4122"/>
					<value value="de2273eb-ecb0-4205-862e-6a43b8f71ec1"/>
				</identifier>
				<status value="final"/>
				<category>
					<coding>
						<system value="http://terminology.hl7.org/CodeSystem/observation-category"/>
						<code value="vital-signs"/>
						<display value="Vital Signs"/>
					</coding>
				</category>
				<code>
					<coding>
						<system value="http://snomed.info/sct"/>
						<code value="103228002"/>
						<display value="Hemoglobin saturation with oxygen"/>
					</coding>
					<coding>
						<system value="http://loinc.org"/>
						<code value="2708-6"/>
						<display value="Oxygen saturation in Arterial blood"/>
					</coding>
				</code>
				<subject>
					<reference value="Patient/ad2c58ab-ffab-4366-9c76-b0322e22e881"/>
				</subject>
				<effectiveDateTime value="2018-10-04T14:17:59+01:00"/>
				<performer>
					<reference value="Practitioner/7096e518-2638-4c00-ab0e-504c20cd50b6"/>
				</performer>
				<performer>
					<reference value="Organization/25d5ad55-5657-4cbe-9b8b-2e993f19286e"/>
				</performer>
				<valueQuantity>
					<value value="93"/>
					<unit value="%"/>
					<system value="http://unitsofmeasure.org"/>
				</valueQuantity>
			</Observation>
		</resource>
	</entry>
	<entry>
		<fullUrl value="Observation/c756fd32-f04e-45a9-b02f-2461ed53c736"/>
		<resource>
			
			<Observation xmlns="http://hl7.org/fhir">
				<id value="c756fd32-f04e-45a9-b02f-2461ed53c736"/>
				
				<identifier>
					<system value="https://tools.ietf.org/html/rfc4122"/>
					<value value="ce084616-c540-4032-aeb3-ef35347600c5"/>
				</identifier>
				<status value="final"/>
				<code>
					<coding>
						<system value="http://snomed.info/sct"/>
						<code value="722742002"/>
						<display value="Breathing room air"/>
					</coding>
				</code>
				<subject>
					<reference value="Patient/ad2c58ab-ffab-4366-9c76-b0322e22e881"/>
				</subject>
				<effectiveDateTime value="2018-10-04T14:17:59+01:00"/>
				<performer>
					<reference value="Practitioner/7096e518-2638-4c00-ab0e-504c20cd50b6"/>
				</performer>
				<performer>
					<reference value="Organization/25d5ad55-5657-4cbe-9b8b-2e993f19286e"/>
				</performer>
			</Observation>
		</resource>
	</entry>
	<entry>
		<fullUrl value="Observation/5a1625e8-938e-4c19-9d3e-a235bfb4b37d"/>
		<resource>
			<Observation xmlns="http://hl7.org/fhir">
				<id value="5a1625e8-938e-4c19-9d3e-a235bfb4b37d"/>
			
				<identifier>
					<system value="https://tools.ietf.org/html/rfc4122"/>
					<value value="cff7c586-5a41-403b-a276-fc2cce24bf3b"/>
				</identifier>
				<status value="final"/>
				<category>
					<coding>
						<system value="http://terminology.hl7.org/CodeSystem/observation-category"/>
						<code value="vital-signs"/>
						<display value="Vital Signs"/>
					</coding>
				</category>
				<code>
					<coding>
						<system value="http://snomed.info/sct"/>
						<code value="276885007"/>
						<display value="Core body temperature"/>
					</coding>
					<coding>
						<system value="http://loinc.org"/>
						<code value="8310-5"/>
						<display value="Body temperature"/>
					</coding>
				</code>
				<subject>
					<reference value="Patient/ad2c58ab-ffab-4366-9c76-b0322e22e881"/>
				</subject>
				<effectiveDateTime value="2018-10-04T14:17:59+01:00"/>
				<performer>
					<reference value="Practitioner/7096e518-2638-4c00-ab0e-504c20cd50b6"/>
				</performer>
				<performer>
					<reference value="Organization/25d5ad55-5657-4cbe-9b8b-2e993f19286e"/>
				</performer>
				<valueQuantity>
					<value value="37.5"/>
					<unit value="Cel"/>
					<system value="http://unitsofmeasure.org"/>
				</valueQuantity>
			</Observation>
		</resource>
	</entry>
	<entry>
		<fullUrl value="Observation/638c6821-eb51-4f1b-b8c0-5269d1df9b7c"/>
		<resource>
			<Observation xmlns="http://hl7.org/fhir">
				<id value="638c6821-eb51-4f1b-b8c0-5269d1df9b7c"/>
			
				<identifier>
					<system value="https://tools.ietf.org/html/rfc4122"/>
					<value value="8b77f37d-eb6b-427c-9cd5-b1a2166b8fdb"/>
				</identifier>
				<status value="final"/>
				<category>
					<coding>
						<system value="http://terminology.hl7.org/CodeSystem/observation-category"/>
						<code value="vital-signs"/>
						<display value="Vital Signs"/>
					</coding>
				</category>
				<code>
					<coding>
						<system value="http://snomed.info/sct"/>
						<code value="75367002"/>
						<display value="Blood pressure"/>
					</coding>
					<coding>
						<system value="http://loinc.org"/>
						<code value="85354-9"/>
						<display value="Blood pressure panel with all children optional"/>
					</coding>
				</code>
				<subject>
					<reference value="Patient/ad2c58ab-ffab-4366-9c76-b0322e22e881"/>
				</subject>
				<effectiveDateTime value="2018-10-04T14:17:59+01:00"/>
				<performer>
					<reference value="Practitioner/7096e518-2638-4c00-ab0e-504c20cd50b6"/>
				</performer>
				<performer>
					<reference value="Organization/25d5ad55-5657-4cbe-9b8b-2e993f19286e"/>
				</performer>
				<bodySite>
					<coding>
						<system value="http://snomed.info/sct"/>
						<code value="368209003"/>
						<display value="Right upper arm structure"/>
					</coding>
				</bodySite>
				<component>
					<code>
						<coding>
							<system value="http://snomed.info/sct"/>
							<code value="72313002"/>
							<display value="Systolic arterial pressure"/>
						</coding>
						<coding>
							<system value="http://loinc.org"/>
							<code value="8480-6"/>
							<display value="Systolic blood pressure"/>
						</coding>
					</code>
					<valueQuantity>
						<value value="120"/>
						<unit value="mm[Hg]"/>
						<system value="http://unitsofmeasure.org"/>
					</valueQuantity>
				</component>
				<component>
					<code>
						<coding>
							<system value="http://snomed.info/sct"/>
							<code value="1091811000000102"/>
							<display value="Diastolic arterial pressure"/>
						</coding>
						<coding>
							<system value="http://loinc.org"/>
							<code value="8462-4"/>
							<display value="Diastolic blood pressure"/>
						</coding>
					</code>
					<valueQuantity>
						<value value="60"/>
						<unit value="mm[Hg]"/>
						<system value="http://unitsofmeasure.org"/>
					</valueQuantity>
				</component>
			</Observation>
		</resource>
	</entry>
	<entry>
		<fullUrl value="Observation/fc6c6fa5-d8e8-4634-a19a-985325077cb2"/>
		<resource>
			<Observation xmlns="http://hl7.org/fhir">
				<id value="fc6c6fa5-d8e8-4634-a19a-985325077cb2"/>
			
				<identifier>
					<system value="https://tools.ietf.org/html/rfc4122"/>
					<value value="2d16bf3f-4369-446c-8ceb-a0e103296208"/>
				</identifier>
				<status value="final"/>
				<category>
					<coding>
						<system value="http://terminology.hl7.org/CodeSystem/observation-category"/>
						<code value="survey"/>
						<display value="Survey"/>
					</coding>
				</category>
				<code>
					<coding>
						<system value="http://snomed.info/sct"/>
						<code value="1104441000000107"/>
						<display value="ACVPU (Alert Confusion Voice Pain Unresponsive) scale score"/>
					</coding>
				</code>
				<subject>
					<reference value="Patient/ad2c58ab-ffab-4366-9c76-b0322e22e881"/>
				</subject>
				<effectiveDateTime value="2018-10-04T14:17:59+01:00"/>
				<performer>
					<reference value="Practitioner/7096e518-2638-4c00-ab0e-504c20cd50b6"/>
				</performer>
				<performer>
					<reference value="Organization/25d5ad55-5657-4cbe-9b8b-2e993f19286e"/>
				</performer>
				<valueCodeableConcept>
					<coding>
						<system value="http://snomed.info/sct"/>
						<code value="248234008"/>
						<display value="Mentally alert"/>
					</coding>
				</valueCodeableConcept>
			</Observation>
		</resource>
	</entry>
</Bundle>
