<ImplementationGuide xmlns="http://hl7.org/fhir"><url value="https://simplifier.net/guide/clinicalobservations" /><version value="2.0.0-Alpha" /><name value="Clinical Observations" /><status value="draft" /><description value="FHIR Implementation Guide for Clinical Observations" /><fhirVersion value="4.0.0" /><definition><page><nameUrl value="Home.md" /><title value="Home" /><generation value="markdown" /><page><nameUrl value="Introduction.md" /><title value="Introduction" /><generation value="markdown" /><page><nameUrl value="Howtousethisimplementationguide.md" /><title value="How to use this implementation guide" /><generation value="markdown" /></page><page><nameUrl value="Releasenotes.md" /><title value="Release notes" /><generation value="markdown" /></page><page><nameUrl value="Guideversioning.md" /><title value="Guide versioning" /><generation value="markdown" /></page><page><nameUrl value="Glossary.md" /><title value="Glossary" /><generation value="markdown" /></page></page><page><nameUrl value="FHIRAssets-duplicate-2.md" /><title value="FHIR Assets" /><generation value="markdown" /><page><nameUrl value="Profiles.md" /><title value="Profiles" /><generation value="markdown" /></page><page><nameUrl value="Extensions.md" /><title value="Extensions" /><generation value="markdown" /></page><page><nameUrl value="CodeSystems.md" /><title value="CodeSystems" /><generation value="markdown" /></page><page><nameUrl value="ValueSets.md" /><title value="ValueSets" /><generation value="markdown" /></page><page><nameUrl value="ConceptMaps.md" /><title value="ConceptMaps" /><generation value="markdown" /></page><page><nameUrl value="SearchParameters-duplicate-2.md" /><title value="SearchParameters" /><generation value="markdown" /></page><page><nameUrl value="OperationDefinitions.md" /><title value="OperationDefinitions" /><generation value="markdown" /></page><page><nameUrl value="CapabilityStatements.md" /><title value="CapabilityStatements" /><generation value="markdown" /></page><page><nameUrl value="AllAssets.md" /><title value="All Assets" /><generation value="markdown" /><page><nameUrl value="AllProfiles.md" /><title value="All Profiles" /><generation value="markdown" /><page><nameUrl value="Bundle.md" /><title value="Bundle" /><generation value="markdown" /></page><page><nameUrl value="VitalSignsObservation.md" /><title value="VitalSignsObservation" /><generation value="markdown" /></page><page><nameUrl value="Organization.md" /><title value="Organization" /><generation value="markdown" /></page><page><nameUrl value="Patient.md" /><title value="Patient" /><generation value="markdown" /></page><page><nameUrl value="Practitioner.md" /><title value="Practitioner" /><generation value="markdown" /></page><page><nameUrl value="PractitionerRole.md" /><title value="PractitionerRole" /><generation value="markdown" /></page><page><nameUrl value="Observation.md" /><title value="Observation" /><generation value="markdown" /></page><page><nameUrl value="Procedure.md" /><title value="Procedure" /><generation value="markdown" /></page></page><page><nameUrl value="AllExtensions.md" /><title value="All Extensions" /><generation value="markdown" /></page><page><nameUrl value="AllCodeSystems.md" /><title value="All CodeSystems" /><generation value="markdown" /></page><page><nameUrl value="AllValueSets.md" /><title value="All ValueSets" /><generation value="markdown" /><page><nameUrl value="BodySite.md" /><title value="BodySite" /><generation value="markdown" /></page><page><nameUrl value="ObservationMethod.md" /><title value="ObservationMethod" /><generation value="markdown" /></page><page><nameUrl value="ObservationType.md" /><title value="ObservationType" /><generation value="markdown" /></page><page><nameUrl value="VitalSignObservationValue.md" /><title value="VitalSignObservationValue" /><generation value="markdown" /></page><page><nameUrl value="VitalSignsObservationType.md" /><title value="VitalSignsObservationType" /><generation value="markdown" /></page></page><page><nameUrl value="AllConceptMaps.md" /><title value="All ConceptMaps" /><generation value="markdown" /></page></page></page><page><nameUrl value="Design.md" /><title value="Design" /><generation value="markdown" /><page><nameUrl value="Designoverview.md" /><title value="Design overview" /><generation value="markdown" /></page><page><nameUrl value="DataMapping.md" /><title value="Data Mapping" /><generation value="markdown" /></page><page><nameUrl value="Interactions.md" /><title value="Interactions" /><generation value="markdown" /></page><page><nameUrl value="LogicalModel.md" /><title value="Logical Model" /><generation value="markdown" /></page></page><page><nameUrl value="Build.md" /><title value="Build" /><generation value="markdown" /><page><nameUrl value="Howtoconstructbundle.md" /><title value="How to construct bundle" /><generation value="markdown" /></page></page><page><nameUrl value="Examples.md" /><title value="Examples" /><generation value="markdown" /><page><nameUrl value="TotalNEWS2ScoreandObservationsBundleExample.md" /><title value="Total NEWS 2 Score and Observations Bundle Example" /><generation value="markdown" /></page><page><nameUrl value="TotalNEWS2ScoreSub-ScoresandObservationsBundleExample.md" /><title value="Total NEWS 2 Score, Sub-Scores and Observations Bundle  Example" /><generation value="markdown" /></page><page><nameUrl value="PEWSTotalScoreWithObservationsBundleExample.md" /><title value="PEWS Total Score With Observations Bundle Example" /><generation value="markdown" /></page><page><nameUrl value="BaselineNEWS2ObservationExample-duplicate-2.md" /><title value="Baseline NEWS2 Observation Example" /><generation value="markdown" /></page><page><nameUrl value="BaselineNPEWS1ObservationExample.md" /><title value="Baseline NPEWS1 Observation Example" /><generation value="markdown" /></page><page><nameUrl value="BaselineOxygenSaturationObservationExample.md" /><title value="Baseline Oxygen Saturation Observation Example" /><generation value="markdown" /></page><page><nameUrl value="BaselineSystolicObservationExample.md" /><title value="Baseline Systolic Observation Example" /><generation value="markdown" /></page><page><nameUrl value="BaselineDiastolicObservationExample.md" /><title value="Baseline Diastolic Observation Example" /><generation value="markdown" /></page><page><nameUrl value="TargetOxygenSaturationObservationExample.md" /><title value="Target Oxygen Saturation Observation Example" /><generation value="markdown" /></page><page><nameUrl value="ScoreChartUsedExample.md" /><title value="Score Chart Used Example" /><generation value="markdown" /></page><page><nameUrl value="RespirationRateObservationExample.md" /><title value="Respiration Rate Observation Example" /><generation value="markdown" /></page><page><nameUrl value="RespiratoryDistressObservationExample.md" /><title value="Respiratory Distress Observation Example" /><generation value="markdown" /></page><page><nameUrl value="OxygenSaturationObservationExample.md" /><title value="Oxygen Saturation Observation Example" /><generation value="markdown" /></page><page><nameUrl value="PatientBreathingAirObservationExample.md" /><title value="Patient Breathing Air Observation Example" /><generation value="markdown" /></page><page><nameUrl value="InspiredOxygenObservationExample.md" /><title value="Inspired Oxygen Observation Example" /><generation value="markdown" /></page><page><nameUrl value="DeliveryRouteOfOxygenSupplementationExample.md" /><title value="Delivery Route Of Oxygen Supplementation Example" /><generation value="markdown" /></page><page><nameUrl value="BloodPressureObservationExample.md" /><title value="Blood Pressure Observation Example" /><generation value="markdown" /></page><page><nameUrl value="HeartRateObservationExample.md" /><title value="Heart Rate Observation Example" /><generation value="markdown" /></page><page><nameUrl value="CapiliaryRefillTimeObservationExample.md" /><title value="Capiliary Refill Time Observation Example" /><generation value="markdown" /></page><page><nameUrl value="PatientConsciousnessObservationExample.md" /><title value="Patient Consciousness Observation Example" /><generation value="markdown" /></page><page><nameUrl value="TemperatureObservationExample.md" /><title value="Temperature Observation Example" /><generation value="markdown" /></page><page><nameUrl value="PatientConditionObservationExample.md" /><title value="Patient Condition Observation Example" /><generation value="markdown" /></page><page><nameUrl value="BirthWeightObservationExample.md" /><title value="Birth Weight Observation Example" /><generation value="markdown" /></page><page><nameUrl value="BodyWeightObservationExample.md" /><title value="Body Weight Observation Example" /><generation value="markdown" /></page><page><nameUrl value="HeadCircumferenceObservationExample.md" /><title value="Head Circumference Observation Example" /><generation value="markdown" /></page><page><nameUrl value="HeightObservationExample.md" /><title value="Height Observation Example" /><generation value="markdown" /></page><page><nameUrl value="BodyLengthObservationExample.md" /><title value="Body Length Observation Example" /><generation value="markdown" /></page><page><nameUrl value="BMIObservationExample-duplicate-2.md" /><title value="BMI Observation Example" /><generation value="markdown" /></page><page><nameUrl value="BMICentileObservationExample.md" /><title value="BMI Centile Observation Example" /><generation value="markdown" /></page><page><nameUrl value="GestationalAgeObservationExample.md" /><title value="Gestational Age Observation Example" /><generation value="markdown" /></page><page><nameUrl value="NCMPWithdrawalReasonExample.md" /><title value="NCMP Withdrawal Reason Example" /><generation value="markdown" /></page><page><nameUrl value="NEWS2WithSubScoresObservationExample.md" /><title value="NEWS2 With Sub Scores Observation Example" /><generation value="markdown" /></page><page><nameUrl value="NPEWS1WithSubScoresObservationExample.md" /><title value="NPEWS1 With Sub Scores Observation Example" /><generation value="markdown" /></page><page><nameUrl value="LocalPEWSScoreExample.md" /><title value="Local PEWS Score Example" /><generation value="markdown" /></page></page><page><nameUrl value="Downloads.md" /><title value="Downloads" /><generation value="markdown" /></page><page><nameUrl value="Helpandsupport.md" /><title value="Help and support" /><generation value="markdown" /></page></page></definition></ImplementationGuide>