<CodeSystem xmlns="http://hl7.org/fhir">
	<id value="eRS-AppointmentType"/>
	<url value="https://fhir.nhs.uk/CodeSystem/eRS-AppointmentType"/>
	<version value="1.0.0"/>
	<name value="eRSAppointmentType"/>
	<title value="eRS Appointment Type"/>
	<status value="active"/>
	<date value="2022-03-14"/>
	<publisher value="NHS Digital"/>
	<contact>
		<name value="Interoperability Team"/>
		<telecom>
			<system value="email"/>
			<value value="interoperabilityteam@nhs.net"/>
			<use value="work"/>
		</telecom>
	</contact>
	<description value="A Code System for eRS Appointment Type"/>
	<copyright value="Copyright &#169; 2022 NHS Digital"/>
	<caseSensitive value="true"/>
	<content value="complete"/>
	<concept>
		<code value="DAY_CASE"/>
		<display value="Day Case"/>
	</concept>
	<concept>
		<code value="FIRST_OUTPATIENT"/>
		<display value="First Outpatient"/>
	</concept>
	<concept>
		<code value="ASSESSMENT_SERVICE"/>
		<display value="Assessment Service"/>
	</concept>
	<concept>
		<code value="GPSI"/>
		<display value="GPSI"/>
	</concept>
	<concept>
		<code value="AHP_CLINIC"/>
		<display value="AHP Clinic"/>
	</concept>
	<concept>
		<code value="DIAGNOSTIC"/>
		<display value="Diagnostic"/>
	</concept>
	<concept>
		<code value="NURSE_CLINIC"/>
		<display value="Nurse Clinic"/>
	</concept>
	<concept>
		<code value="OPHTHALMOLOGIST"/>
		<display value="Ophthalmologist"/>
	</concept>
	<concept>
		<code value="TELEPHONE_ASSESSMENT"/>
		<display value="Telephone Assessment"/>
	</concept>
</CodeSystem>