<CodeSystem xmlns="http://hl7.org/fhir">
	<id value="eRS-Purpose"/>
	<url value="https://fhir.nhs.uk/CodeSystem/eRS-Purpose"/>
	<version value="1.0.0"/>
	<name value="eRSPurpose"/>
	<title value="eRS Purpose"/>
	<status value="active"/>
	<date value="2022-04-25"/>
	<publisher value="NHS Digital"/>
	<contact>
		<name value="Interoperability Team"/>
		<telecom>
			<system value="email"/>
			<value value="interoperabilityteam@nhs.net"/>
			<use value="work"/>
		</telecom>
	</contact>
	<description value="A Code System for eRS Purpose"/>
	<copyright value="Copyright &#169; 2022 NHS Digital"/>
	<caseSensitive value="true"/>
	<content value="complete"/>
	<concept>
		<code value="HEALTHCARE_PROFESSIONALS"/>
		<display value="Healthcare Professionals"/>
		<definition value="Contact details available to healthcare professionals."/>
	</concept>
</CodeSystem>