<CodeSystem xmlns="http://hl7.org/fhir">
	<id value="eRS-RequestFlowType"/>
	<url value="https://fhir.nhs.uk/CodeSystem/eRS-RequestFlowType"/>
	<version value="1.0.0"/>
	<name value="eRSRequestFlowType"/>
	<title value="eRS Request Flow Type"/>
	<status value="active"/>
	<date value="2022-03-14"/>
	<publisher value="NHS Digital"/>
	<contact>
		<name value="Interoperability Team"/>
		<telecom>
			<system value="email"/>
			<value value="interoperabilityteam@nhs.net"/>
			<use value="work"/>
		</telecom>
	</contact>
	<description value="A Code System for eRS Request Flow Type"/>
	<copyright value="Copyright &#169; 2022 NHS Digital"/>
	<caseSensitive value="true"/>
	<content value="complete"/>
	<concept>
		<code value="REVIEW"/>
		<display value="A service that reviews referrals, without the support or need for any appointment with the patient to be made"/>
	</concept>
	<concept>
		<code value="BOOKABLE"/>
		<display value="A service which supports a patient appointment"/>
	</concept>
	<concept>
		<code value="ADVICE_AND_GUIDANCE"/>
		<display value="A service which can discuss the patient and receive guidance rather than a patient attending an appointment"/>
	</concept>
	</CodeSystem>