<ValueSet xmlns="http://hl7.org/fhir">
	<id value="eRS-RequestFlowType"/>
	<url value="https://fhir.nhs.uk/ValueSet/eRS-RequestFlowType"/>
	<version value="1.0.0"/>
	<name value="eRSRequestFlowType"/>
	<title value="eRS Request Flow Type"/>
	<status value="active"/>
	<date value="2022-03-14"/>
	<publisher value="NHS Digital"/>
	<contact>
		<name value="Interoperability Team"/>
		<telecom>
			<system value="email" />
			<value value="interoperabilityteam@nhs.net"/>
			<use value="work" />
		</telecom>
	</contact>
	<description value="A ValueSet to describe the eRS request flow type."/>
	<copyright value="Copyright &#169; 2022 NHS Digital"/>
	<compose>
		<include>
			<system value="https://fhir.nhs.uk/CodeSystem/eRS-RequestFlowType"/>
		</include>
	</compose>
</ValueSet>
