<ValueSet xmlns="http://hl7.org/fhir">
	<id value="eRS-Purpose"/>
	<url value="https://fhir.nhs.uk/ValueSet/eRS-Purpose"/>
	<version value="1.0.0"/>
	<name value="eRSPurpose"/>
	<title value="eRS Purpose"/>
	<status value="active"/>
	<date value="2022-04-25"/>
	<publisher value="NHS Digital"/>
	<contact>
		<name value="Interoperability Team"/>
		<telecom>
			<system value="email" />
			<value value="interoperabilityteam@nhs.net"/>
			<use value="work" />
		</telecom>
	</contact>
	<description value="A ValueSet to describe the eRS request purpose."/>
	<copyright value="Copyright &#169; 2022 NHS Digital"/>
	<compose>
		<include>
			<system value="https://fhir.nhs.uk/CodeSystem/eRS-Purpose"/>
		</include>
	</compose>
	<compose>
		<include>
			<system value="http://terminology.hl7.org/CodeSystem/contactentity-type"/>
		</include>
	</compose>
</ValueSet>
