<?xml version="1.0" encoding="utf-8"?>
<StructureDefinition xmlns="http://hl7.org/fhir">
  <id value="BARSFlag-scene-safety" />
  <url value="https://fhir.nhs.uk/StructureDefinition/BARSFlag-scene-safety" />
  <version value="1.0.0" />
  <name value="BARSFlagSceneSafety" />
  <title value="BARS Flag Scene Safety" />
  <status value="active" />
  <date value="2022-12-13" />
  <publisher value="NHS Digital" />
  <contact>
    <name value="NHS Digital" />
    <telecom>
      <system value="email" />
      <value value="interoperabilityteam@nhs.net" />
      <use value="work" />
      <rank value="1" />
    </telecom>
  </contact>
  <description value="Defines the UK Core constraints on the Flag resource to provide information on prospective warnings of potential issues when providing care to the patient." />
  <purpose value="A flag is a warning or notification of some sort presented to the user - who may be a clinician or some other person involve in patient care. It usually represents something of sufficient significance to warrant a special display of some sort - rather than just a note in the resource. A flag has a subject representing the resource that will trigger its display.&#xD;&#xA;&#xD;&#xA;This subject can be of different types, as described in the examples below:&#xD;&#xA;&#xD;&#xA;- A note that a patient has an overdue account, which the provider may wish to discuss with them - in case of hardship for example (subject = Patient)&#xD;&#xA;- An outbreak of Ebola in a particular region (subject=Location) so that all patients from that region have a higher risk of having that condition&#xD;&#xA;- A particular provider is unavailable for referrals over a given period (subject = Practitioner)&#xD;&#xA;- A patient who is enrolled in a clinical trial (subject=Group)&#xD;&#xA;- Special guidance or caveats to be aware of when following a protocol (subject=PlanDefinition)&#xD;&#xA;- Warnings about using a drug in a formulary requires special approval (subject=Medication)&#xD;&#xA;- etc." />
  <copyright value="Copyright © 2021+ HL7 UK Licensed under the Apache License, Version 2.0 (the &quot;License&quot;); you may not use this file except in compliance with the License. You may obtain a copy of the License at  http://www.apache.org/licenses/LICENSE-2.0 Unless required by applicable law or agreed to in writing, software distributed under the License is distributed on an &quot;AS IS&quot; BASIS, WITHOUT WARRANTIES OR CONDITIONS OF ANY KIND, either express or implied. See the License for the specific language governing permissions and limitations under the License. HL7® FHIR® standard Copyright © 2011+ HL7 The HL7® FHIR® standard is used under the FHIR license. You may obtain a copy of the FHIR license at  https://www.hl7.org/fhir/license.html." />
  <fhirVersion value="4.0.1" />
  <mapping>
    <identity value="w5" />
    <uri value="http://hl7.org/fhir/fivews" />
    <name value="FiveWs Pattern Mapping" />
  </mapping>
  <mapping>
    <identity value="rim" />
    <uri value="http://hl7.org/v3" />
    <name value="RIM Mapping" />
  </mapping>
  <kind value="resource" />
  <abstract value="false" />
  <type value="Flag" />
  <baseDefinition value="http://hl7.org/fhir/StructureDefinition/Flag" />
  <derivation value="constraint" />
  <differential>
    <element id="Flag.identifier.assigner">
      <path value="Flag.identifier.assigner" />
      <type>
        <code value="Reference" />
        <targetProfile value="https://fhir.hl7.org.uk/StructureDefinition/UKCore-Organization" />
      </type>
    </element>
    <element id="Flag.category">
      <path value="Flag.category" />
      <min value="1" />
      <max value="1" />
    </element>
    <element id="Flag.category.coding.system">
      <path value="Flag.category.coding.system" />
      <min value="1" />
      <fixedUri value="https://fhir.nhs.uk/CodeSystem/flag-categories-bars" />
    </element>
    <element id="Flag.category.coding.code">
      <path value="Flag.category.coding.code" />
      <min value="1" />
      <fixedCode value="SS" />
    </element>
    <element id="Flag.code.coding.system">
      <path value="Flag.code.coding.system" />
      <min value="1" />
      <fixedUri value="https://fhir.nhs.uk/CodeSystem/scene-safety-codes-bars" />
    </element>
    <element id="Flag.subject">
      <path value="Flag.subject" />
      <type>
        <code value="Reference" />
        <targetProfile value="https://fhir.hl7.org.uk/StructureDefinition/UKCore-Location" />
      </type>
    </element>
    <element id="Flag.subject.identifier.assigner">
      <path value="Flag.subject.identifier.assigner" />
      <type>
        <code value="Reference" />
        <targetProfile value="https://fhir.hl7.org.uk/StructureDefinition/UKCore-Organization" />
      </type>
    </element>
    <element id="Flag.encounter">
      <path value="Flag.encounter" />
      <type>
        <code value="Reference" />
        <targetProfile value="https://fhir.hl7.org.uk/StructureDefinition/UKCore-Encounter" />
      </type>
    </element>
    <element id="Flag.encounter.identifier.assigner">
      <path value="Flag.encounter.identifier.assigner" />
      <type>
        <code value="Reference" />
        <targetProfile value="https://fhir.hl7.org.uk/StructureDefinition/UKCore-Organization" />
      </type>
    </element>
    <element id="Flag.author">
      <path value="Flag.author" />
      <type>
        <code value="Reference" />
        <targetProfile value="https://fhir.hl7.org.uk/StructureDefinition/UKCore-Device" />
        <targetProfile value="https://fhir.hl7.org.uk/StructureDefinition/UKCore-Organization" />
        <targetProfile value="https://fhir.hl7.org.uk/StructureDefinition/UKCore-Patient" />
        <targetProfile value="https://fhir.hl7.org.uk/StructureDefinition/UKCore-Practitioner" />
        <targetProfile value="https://fhir.hl7.org.uk/StructureDefinition/UKCore-PractitionerRole" />
      </type>
    </element>
    <element id="Flag.author.identifier.assigner">
      <path value="Flag.author.identifier.assigner" />
      <type>
        <code value="Reference" />
        <targetProfile value="https://fhir.hl7.org.uk/StructureDefinition/UKCore-Organization" />
      </type>
    </element>
  </differential>
</StructureDefinition>