{
  "resourceType": "StructureDefinition",
  "id": "Extension-PDS-RemovalFromRegistration",
  "url": "https://fhir.nhs.uk/StructureDefinition/Extension-PDS-RemovalFromRegistration",
  "version": "2.0.0",
  "name": "ExtensionPDSRemovalFromRegistration",
  "title": "Extension PDS Removal From Registration",
  "status": "draft",
  "date": "2022-02-15",
  "publisher": "NHS Digital",
  "contact": [
    {
      "name": "NHS Digital",
      "telecom": [
        {
          "system": "email",
          "value": "interoperabilityteam@nhs.net",
          "use": "work"
        }
      ]
    }
  ],
  "description": "An extension to carry the reason a PDS record has been removed from the Patient Demographic Service.",
  "purpose": "This extension extends the Patient record to support the exchange of a removal reason and removal start date, which are currently not supported by the FHIR standard.",
  "copyright": "Copyright &#169; 2022 NHS Digital",
  "fhirVersion": "4.0.1",
  "mapping": [
    {
      "identity": "rim",
      "uri": "http://hl7.org/v3",
      "name": "RIM Mapping"
    }
  ],
  "kind": "complex-type",
  "abstract": false,
  "context": [
    {
      "type": "element",
      "expression": "Patient"
    }
  ],
  "type": "Extension",
  "baseDefinition": "http://hl7.org/fhir/StructureDefinition/Extension",
  "derivation": "constraint",
  "differential": {
    "element": [
      {
        "id": "Extension",
        "path": "Extension",
        "short": "An extension carrying the reason a PDS record has been removed from the Patient Demographic Service.",
        "definition": "An extension reason a PDS record has been removed from the Patient Demographic Service.",
        "max": "1"
      },
      {
        "id": "Extension.extension",
        "path": "Extension.extension",
        "min": 1
      },
      {
        "id": "Extension.extension:removalFromRegistrationCode",
        "path": "Extension.extension",
        "sliceName": "removalFromRegistrationCode",
        "short": "removalFromRegistrationCode",
        "definition": "To identify the removal reason code.",
        "min": 1,
        "max": "1"
      },
      {
        "id": "Extension.extension:removalFromRegistrationCode.extension",
        "path": "Extension.extension.extension",
        "max": "0"
      },
      {
        "id": "Extension.extension:removalFromRegistrationCode.url",
        "path": "Extension.extension.url",
        "fixedUri": "removalFromRegistrationCode"
      },
      {
        "id": "Extension.extension:removalFromRegistrationCode.value[x]",
        "path": "Extension.extension.value[x]",
        "short": "removalFromRegistrationCode",
        "definition": "Removal reason code",
        "min": 1,
        "type": [
          {
            "code": "CodeableConcept"
          }
        ],
        "binding": {
          "strength": "extensible",
          "valueSet": "https://fhir.nhs.uk/ValueSet/PDS-RemovalReasonExitCode",
          "description": "To identify the removal reason code"
        }
      },
      {
        "id": "Extension.extension:effectiveTime",
        "path": "Extension.extension",
        "sliceName": "effectiveTime",
        "short": "Effective time of removal",
        "definition": "The effective time of removal of the Patient record from PDS.",
        "min": 0,
        "max": "1"
      },
      {
        "id": "Extension.extension:effectiveTime.extension",
        "path": "Extension.extension.extension",
        "max": "0"
      },
      {
        "id": "Extension.extension:effectiveTime.url",
        "path": "Extension.extension.url",
        "fixedUri": "effectiveTime"
      },
      {
        "id": "Extension.extension:effectiveTime.value[x]",
        "path": "Extension.extension.value[x]",
        "short": "Effective time of removal",
        "definition": "The effective time of removal of the Patient record from PDS.",
        "min": 1,
        "type": [
          {
            "code": "Period"
          }
        ]
      },
      {
        "id": "Extension.url",
        "path": "Extension.url",
        "fixedUri": "https://fhir.nhs.uk/StructureDefinition/Extension-PDS-RemovalFromRegistration"
      },
      {
        "id": "Extension.value[x]",
        "path": "Extension.value[x]",
        "max": "0"
      }
    ]
  }
}