{
  "resourceType": "Patient",
  "id": "UKCore-Patient-Extension-OtherContactSystem-Example",
  "telecom": [
    {
      "system": "other",
      "_system": {
        "extension": [
          {
            "url": "https://fhir.hl7.org.uk/StructureDefinition/Extension-UKCore-OtherContactSystem",
            "valueCodeableConcept": {
              "coding": [
                {
                  "system": "https://fhir.hl7.org.uk/CodeSystem/UKCore-OtherContactSystem",
                  "code": "textphone",
                  "display": "Minicom (Textphone)"
                }
              ]
            }
          }
        ]
      },
      "value": "+4413513341777",
      "use": "home"
    }
  ]
}