{
  "resourceType": "Patient",
  "id": "UKCore-Patient-Extension-NHSNumberVerificationStatus-Example",
  "identifier": [
    {
      "extension": [
        {
          "url": "https://fhir.hl7.org.uk/StructureDefinition/Extension-UKCore-NHSNumberVerificationStatus",
          "valueCodeableConcept": {
            "coding": [
              {
                "system": "https://fhir.hl7.org.uk/CodeSystem/UKCore-NHSNumberVerificationStatus",
                "code": "01",
                "display": "Number present and verified"
              }
            ]
          }
        }
      ]
    }
  ]
}