<Bundle xmlns="http://hl7.org/fhir">
    <id value="CPIS-GetCareTeamResult-Example" />
    <type value="searchset" />
    <total value="1" />
    <link>
        <relation value="self" />
        <url value="https://int.api.service.nhs.uk/cpis/FHIR/R4/CareTeam?patient:identifier=https://fhir.nhs.uk/Id/nhs-number|9912003890" />
    </link>
    <entry>
        <fullUrl value="https://int.api.service.nhs.uk/cpis/FHIR/R4/CareTeam/b3982299-c9cc-4502-a8d5-16d984de735f" />
        <resource>
            <CareTeam>
                <id value="b3982299-c9cc-4502-a8d5-16d984de735f" />
                <category>
                    <coding>
                        <system value="http://snomed.info/sct" />
                        <code value="342191000000101" />
                        <display value="Subject to child protection plan" />
                    </coding>
                </category>
                <name value="Islington Local Authority" />
                <subject>
                    <identifier>
                        <system value="https://fhir.nhs.uk/Id/nhs-number" />
                        <value value="9912003890" />
                    </identifier>
                    <display value="Melanie JONES" />
                </subject>
                <period>
                    <start value="2022-09-26" />
                    <end value="2023-09-26" />
                </period>
                <telecom>
                    <system value="phone" />
                    <value value="0207527200" />
                    <use value="work" />
                </telecom>
                <telecom>
                    <system value="phone" />
                    <value value="0734577777" />
                    <use value="mobile" />
                </telecom>
            </CareTeam>
        </resource>
        <search>
            <mode value="match" />
        </search>
    </entry>
</Bundle>