<Bundle xmlns="http://hl7.org/fhir">
    <id value="CPIS-GetAuditEventResult-Example" />
    <type value="searchset" />
    <total value="1" />
    <link>
        <relation value="self" />
        <url value="https://int.api.service.nhs.uk/cpis/FHIR/R4/AuditEvent?patient:identifier=https://fhir.nhs.uk/Id/nhs-number|9912003890" />
    </link>
    <entry>
        <fullUrl value="https://int.api.service.nhs.uk/cpis/FHIR/R4/AuditEvent/a4e5b771-f32b-4ca2-a40e-84abec9792cd" />
        <resource>
            <AuditEvent>
                <id value="a4e5b771-f32b-4ca2-a40e-84abec9792cd" />
                <type>
                    <system value="http://terminology.hl7.org/CodeSystem/iso-21089-lifecycle" />
                    <display value="Access/View Record Lifecycle Event" />
                </type>
                <recorded value="2023-09-07T17:36:41+00:00" />
                <agent>
                    <type>
                        <coding>
                            <system value="http://terminology.hl7.org/CodeSystem/v3-RoleClass" />
                            <code value="PAT" />
                            <display value="patient" />
                        </coding>
                    </type>
                    <who>
                        <identifier>
                            <system value="https://fhir.nhs.uk/Id/nhs-number" />
                            <value value="9912003890" />
                        </identifier>
                    </who>
                    <requestor value="false" />
                </agent>
                <agent>
                    <type>
                        <coding>
                            <system value="http://terminology.hl7.org/CodeSystem/v3-RoleClass" />
                            <code value="ASSIGNED" />
                            <display value="assigned entity" />
                        </coding>
                    </type>
                    <who>
                        <reference value="PractitionerRole/42f72e9a-ab20-43b9-a19a-9ba9a608f732" />
                    </who>
                    <requestor value="true" />
                </agent>
                <source>
                    <observer>
                        <reference value="PractitionerRole/42f72e9a-ab20-43b9-a19a-9ba9a608f732" />
                    </observer>
                </source>
            </AuditEvent>
        </resource>
        <search>
            <mode value="match" />
        </search>
    </entry>
    <entry>
        <fullUrl value="https://int.api.service.nhs.uk/cpis/FHIR/R4/PractitionerRole/42f72e9a-ab20-43b9-a19a-9ba9a608f732" />
        <resource>
            <PractitionerRole>
                <id value="42f72e9a-ab20-43b9-a19a-9ba9a608f732" />
                <identifier>
                    <system value="https://fhir.nhs.uk/Id/sds-role-profile-id" />
                    <value value="110694889738" />
                </identifier>
                <practitioner>
                    <display value="Mrs Paula PALMER" />
                </practitioner>
                <organization>
                    <display value="THE WHITTINGTON HOSPITAL NHS TRUST - COMM. PAED. MEDICAL TEAM (RKEAA)" />
                </organization>
                <code>
                    <coding>
                        <system value="http://snomed.info/sct" />
                        <code value="158992006" />
                        <display value="Midwifery sister" />
                    </coding>
                </code>
            </PractitionerRole>
        </resource>
        <search>
            <mode value="include" />
        </search>
    </entry>
</Bundle>