<OperationOutcome xmlns="http://hl7.org/fhir">
    <id value="CPIS-AccessDenied-Example" />
    <issue>
        <severity value="error" />
        <code value="forbidden" />
        <details>
            <coding>
                <system value="https://fhir.nhs.uk/CodeSystem/England-SpineErrorOrWarningCode" />
                <code value="ACCESS_DENIED" />
                <display value="Access has been denied to process this request" />
            </coding>
        </details>
    </issue>
</OperationOutcome>