<OperationOutcome xmlns="http://hl7.org/fhir">
    <id value="FGM-InvalidNHSNumber-Example" />
    <issue>
        <severity value="error" />
        <code value="value" />
        <details>
            <coding>
                <system value="https://fhir.nhs.uk/CodeSystem/England-SpineErrorOrWarningCode" />
                <code value="INVALID_VALUE" />
                <display value="Invalid value" />
            </coding>
        </details>
        <diagnostics value="Invalid NHS Number" />
    </issue>
</OperationOutcome>