<Flag xmlns="http://hl7.org/fhir">
    <id value="FGM-RemovedFlag-Example" />
    <extension url="https://fhir.nhs.uk/StructureDefinition/Extension-England-FGMRemovalReason">
        <valueCodeableConcept>
            <coding>
                <system value="https://fhir.nhs.uk/CodeSystem/England-FGMRemovalReason" />
                <code value="0" />
                <display value="Added in error - this child does not have a family history of FGM" />
            </coding>
        </valueCodeableConcept>
    </extension>
    <status value="entered-in-error" />
    <code>
        <coding>
            <system value="http://snomed.info/sct" />
            <code value="902961000000107" />
            <display value="Family history of FGM (female genital mutilation)" />
        </coding>
        <text value="Family history of FGM (female genital mutilation)" />
    </code>
    <subject>
        <identifier>
            <system value="https://fhir.nhs.uk/Id/nhs-number" />
            <value value="9000000009" />
        </identifier>
    </subject>
</Flag>