<?xml version="1.0" encoding="UTF-8"?>
<Bundle xmlns="http://hl7.org/fhir">
  <id value="MCED-CancelledTest-Example"/>
  <meta>
    <lastUpdated value="2020-09-20T10:22:00+00:00"/>
    <profile value="https://fhir.hl7.org.uk/StructureDefinition/UKCore-Bundle"/>
  </meta>
  <identifier>
    <system value="https://tools.ietf.org/html/rfc4122"/>
    <value value="f36927ef-7703-45ed-b0e5-6ec6723cf0f6"/>
  </identifier>
  <type value="message"/>
  <entry>
    <fullUrl value="urn:uuid:a4409d7c-b613-477c-b623-87e60406c2f0"/>
    <resource>
      <MessageHeader>
        <id value="a4409d7c-b613-477c-b623-87e60406c2f0"/>
        <meta>
          <profile value="https://fhir.hl7.org.uk/StructureDefinition/UKCore-MessageHeader"/>
        </meta>
        <eventCoding>
          <system value="http://snomed.info/sct"/>
          <code value="371528001"/>
          <display value="Pathology report"/>
        </eventCoding>
        <destination>
          <name value="Executive Agency - NHS ENGLAND - X26"/>
          <endpoint value="${NhsMeshMailboxId}"/>
          <receiver>
            <reference value="urn:uuid:bf7a76d3-5b44-4194-a9e0-d1cc1ea5e50e"/>
          </receiver>
        </destination>
        <sender>
          <reference value="urn:uuid:d6407de7-0e86-45eb-93cb-035094aaa49e"/>
        </sender>
        <source>
          <endpoint value="${GrailMeshMailboxId}"/>
        </source>
        <focus>
          <!--Goes to the DiagnosticReport-->
          <reference value="urn:uuid:821bee1c-367f-484b-a02b-ec625afef0df"/>
        </focus>
      </MessageHeader>
    </resource>
  </entry>
  <entry>
    <fullUrl value="urn:uuid:d6407de7-0e86-45eb-93cb-035094aaa49e"/>
    <resource>
      <!--GRAIL org-->
      <Organization>
        <id value="d6407de7-0e86-45eb-93cb-035094aaa49e"/>
        <meta>
          <profile value="https://fhir.hl7.org.uk/StructureDefinition/UKCore-Organization"/>
        </meta>
        <identifier>
          <system value="https://fhir.nhs.uk/Id/ods-organization-code"/>
          <value value="8KG14"/>
        </identifier>
        <name value="GRAIL BIO UK LTD"/>
        <address>
          <text value="TBD"/>
        </address>
      </Organization>
    </resource>
  </entry>
  <entry>
    <fullUrl value="urn:uuid:e78b5421-8d55-4f61-8cbf-bee1c69513f1"/>
    <resource>
      <!--performing lab-->
      <Organization>
        <id value="e78b5421-8d55-4f61-8cbf-bee1c69513f1"/>
        <meta>
          <profile value="https://fhir.hl7.org.uk/StructureDefinition/UKCore-Organization"/>
        </meta>
        <identifier>
          <system value="http://terminology.hl7.org/NamingSystem/CLIA"/>
          <value value="${lab.cliaId} 34D2231294"/>
        </identifier>
        <identifier>
          <system value="http://terminology.hl7.org/NamingSystem/CAP"/>
          <value value="${lab.cap} GRAIL6793"/>
        </identifier>
        <name value="${lab.name} GRAIL, LLC"/>
        <telecom>
          <system value="phone"/>
          <value value="+18336942553"/>
        </telecom>
        <telecom>
          <system value="fax"/>
          <value value="+16509999000"/>
        </telecom>
        <telecom>
          <system value="email"/>
          <value value="customerservice@grail.com"/>
        </telecom>
        <address>
          <text value="${lab.name}GRAIL RTP, ${lab.location} 4001 E NC 54 Hwy Assembly, Suite 1100"/>
        </address>
        <contact>
          <name>
            <text value="Ms Lab DIRECTOR"/>
          </name>
        </contact>
      </Organization>
    </resource>
  </entry>
  <entry>
    <fullUrl value="urn:uuid:bf7a76d3-5b44-4194-a9e0-d1cc1ea5e50e"/>
    <resource>
      <!--NHS England-->
      <Organization>
        <id value="bf7a76d3-5b44-4194-a9e0-d1cc1ea5e50e"/>
        <meta>
          <profile value="https://fhir.hl7.org.uk/StructureDefinition/UKCore-Organization"/>
        </meta>
        <identifier>
          <system value="https://fhir.nhs.uk/Id/ods-organization-code"/>
          <value value="X26"/>
        </identifier>
        <name value="Executive Agency - NHS ENGLAND - X26"/>
        <address>
          <line value="THE LEEDS GOVERNMENT HUB"/>
          <line value="7-8 WELLINGTON PLACE"/>
          <city value="LEEDS"/>
          <district value="WEST YORKSHIRE"/>
          <postalCode value="LS1 4AP"/>
        </address>
      </Organization>
    </resource>
  </entry>
  <entry>
    <fullUrl value="urn:uuid:f25e9d63-6a4e-4de6-b9dc-c912fda62b01"/>
    <resource>
      <!--requesting practitioner-->
      <Practitioner>
        <id value="f25e9d63-6a4e-4de6-b9dc-c912fda62b01"/>
        <meta>
          <profile value="https://fhir.hl7.org.uk/StructureDefinition/UKCore-Practitioner"/>
        </meta>
        <identifier>
          <system value="https://fhir.nhs.uk/Id/sds-user-id"/>
          <value value="3415870223"/>
        </identifier>
        <name>
          <text value="${orderingProvider.fullName} Prof Peter Johnson"/>
          <suffix value="${orderingProvider.credentials} CBE"/>
        </name>
        <address>
          <text value="NHS England, Wellington House, 133-155 Waterloo Road, London, SE1 8UG, UK"/>
        </address>
      </Practitioner>
    </resource>
  </entry>
  <entry>
    <fullUrl value="urn:uuid:8d6c2cd5-0eec-496a-88d0-3785a135df09"/>
    <resource>
      <Patient>
        <id value="8d6c2cd5-0eec-496a-88d0-3785a135df09"/>
        <meta>
          <profile value="https://fhir.hl7.org.uk/StructureDefinition/UKCore-Patient"/>
        </meta>
        <identifier>
          <system value="https://grail.com/patient-id"/>
          <value value="NHS-AB12-CD34"/>
        </identifier>
      </Patient>
    </resource>
  </entry>
  <entry>
    <fullUrl value="urn:uuid:239336bc-734c-47b8-9c72-6239556b46ad"/>
    <resource>
      <ServiceRequest>
        <id value="239336bc-734c-47b8-9c72-6239556b46ad"/>
        <meta>
          <profile value="https://fhir.hl7.org.uk/StructureDefinition/UKCore-ServiceRequest"/>
        </meta>
        <identifier>
          <system value="http://grail.com/grail-id"/>
          <value value="${sample.orderingGrailId} NHS9123123"/>
        </identifier>
        <status value="active"/>
        <intent value="order"/>
        <code>
          <coding>
            <system value="http://snomed.info/sct"/>
            <code value="1148754001"/>
            <display value="Screening for neoplasm"/>
          </coding>
        </code>
        <subject>
          <reference value="urn:uuid:8d6c2cd5-0eec-496a-88d0-3785a135df09"/>
          <display value="NHS-AB12-CD34"/>
        </subject>
        <requester>
          <reference value="urn:uuid:f25e9d63-6a4e-4de6-b9dc-c912fda62b01"/>
          <display value="Peter Johnson"/>
        </requester>
        <performer>
          <reference value="urn:uuid:e78b5421-8d55-4f61-8cbf-bee1c69513f1"/>
          <display value="GRAIL RTP"/>
        </performer>
      </ServiceRequest>
    </resource>
  </entry>
  <entry>
    <fullUrl value="urn:uuid:821bee1c-367f-484b-a02b-ec625afef0df"/>
    <resource>
      <!--for a cancelled test, the DiagnosticReport.status will be set to "cancelled", and the cancel reason in the UK Core extension-DiagnosticReport.note-->
      <!--no Observations are included (so no <result> element is included)-->
      <DiagnosticReport>
        <id value="821bee1c-367f-484b-a02b-ec625afef0df"/>
        <meta>
          <profile value="https://fhir.hl7.org.uk/StructureDefinition/UKCore-DiagnosticReport"/>
        </meta>
        <extension url="http://hl7.org/fhir/5.0/StructureDefinition/extension-DiagnosticReport.note">
          <valueAnnotation>
            <text value="Unable to perform testing.  Specimen tube was compromised during shipping. To receive a test result, please provide another specimen for testing. "/>
          </valueAnnotation>
        </extension>
        <basedOn>
          <reference value="urn:uuid:239336bc-734c-47b8-9c72-6239556b46ad"/>
        </basedOn>
        <status value="cancelled"/>
        <code>
          <coding>
            <system value="http://snomed.info/sct"/>
            <code value="721981007"/>
            <display value="Diagnostic studies report"/>
          </coding>
        </code>
        <subject>
          <reference value="urn:uuid:8d6c2cd5-0eec-496a-88d0-3785a135df09"/>
          <display value="NHS-AB12-CD34"/>
        </subject>
        <issued value="2020-09-25T16:00:00+00:00"/>
        <performer>
          <reference value="urn:uuid:e78b5421-8d55-4f61-8cbf-bee1c69513f1"/>
          <display value="GRAIL RTP"/>
        </performer>
        <specimen>
          <reference value="urn:uuid:756a8361-79ce-4561-afcb-a91fe19df123"/>
          <display value="ABC12345689"/>
        </specimen>
        <conclusion value="The Galleri test results report PDF document is the official source of the test result and contains important information regarding the Galleri test and the patient&#39;s test results. Please read the official report for complete results."/>
        <!--The PDF report goes here-->
        <presentedForm>
          <contentType value="application/pdf"/>
          <data value="VGhlIEdSQUlMIFBERiBnb2VzIGhlcmU="/>
        </presentedForm>
      </DiagnosticReport>
    </resource>
  </entry>
  <entry>
    <fullUrl value="urn:uuid:756a8361-79ce-4561-afcb-a91fe19df123"/>
    <resource>
      <Specimen>
        <id value="756a8361-79ce-4561-afcb-a91fe19df123"/>
        <meta>
          <profile value="https://fhir.hl7.org.uk/StructureDefinition/UKCore-Specimen"/>
        </meta>
        <identifier>
          <system value="http://grail.com/grail-id"/>
          <value value="${sample.orderingGrailId} NHS9123123"/>
        </identifier>
        <status value="available"/>
        <type>
          <coding>
            <system value="http://snomed.info/sct"/>
            <code value="119297000"/>
            <display value="Blood specimen"/>
          </coding>
        </type>
        <subject>
          <reference value="urn:uuid:8d6c2cd5-0eec-496a-88d0-3785a135df09"/>
          <display value="NHS-AB12-CD34"/>
        </subject>
        <collection>
          <collectedDateTime value="2020-09-23T11:00:00+00:00"/>
        </collection>
      </Specimen>
    </resource>
  </entry>
</Bundle>
