<Organization xmlns="http://hl7.org/fhir">
  <id value="ODS-Organization-G81086-PrimaryRole-Example" />
  <extension url="https://fhir.nhs.uk/England/StructureDefinition/Extension-England-OrganisationRole">
    <extension url="instanceID">
      <valueInteger value="103262" />
    </extension>
    <extension url="roleCode">
      <valueCodeableConcept>
      <coding>
      <system value="https://digital.nhs.uk/services/organisation-data-service/CodeSystem/ODSOrganisationRole" />
      <code value="RO94" />
      <display value="APPLIANCE CONTRACTOR" />
      </coding>
    </valueCodeableConcept>
    </extension>
    <extension url="https://fhir.nhs.uk/England/StructureDefinition/Extension-England-TypedPeriod">
      <extension url="dateType">
        <valueCoding>
          <system value="https://fhir.nhs.uk/England/CodeSystem/England-PeriodType" />
          <code value="legal" />
          <display value="Legal" />
        </valueCoding>
      </extension>
      <extension url="period">
        <valuePeriod>
          <start value="1974-04-01" />
        </valuePeriod>
      </extension>
    </extension>
    <extension url="https://fhir.nhs.uk/England/StructureDefinition/Extension-England-TypedPeriod">
      <extension url="dateType">
        <valueCoding>
          <system value="https://fhir.nhs.uk/England/CodeSystem/England-PeriodType" />
          <code value="operational" />
          <display value="Operational" />
        </valueCoding>
      </extension>
      <extension url="period">
        <valuePeriod>
          <start value="1974-04-01" />
        </valuePeriod>
      </extension>
    </extension>
    <extension url="active">
      <valueBoolean value="true" />
    </extension>
  </extension>
  <extension url="https://fhir.nhs.uk/England/StructureDefinition/Extension-England-DateTime">
    <extension url="type">
      <valueCoding>
        <system value="https://fhir.nhs.uk/England/CodeSystem/England-ODSDateTime" />
        <code value="LastChangeDate" />
        <display value="Last Change Date" />
      </valueCoding>
    </extension>
    <extension url="dateTime">
      <valueDateTime value="2023-08-22" />
    </extension>
  </extension>
  <extension url="https://fhir.nhs.uk/England/StructureDefinition/Extension-England-TypedPeriod">
    <extension url="dateType">
      <valueCoding>
        <system value="https://fhir.nhs.uk/England/CodeSystem/England-PeriodType" />
        <code value="legal" />
        <display value="Legal" />
      </valueCoding>
    </extension>
    <extension url="period">
      <valuePeriod>
        <start value="1974-04-01" />
      </valuePeriod>
    </extension>
  </extension>
  <extension url="https://fhir.nhs.uk/England/StructureDefinition/Extension-England-TypedPeriod">
    <extension url="dateType">
      <valueCoding>
        <system value="https://fhir.nhs.uk/England/CodeSystem/England-PeriodType" />
        <code value="operational" />
        <display value="Operational" />
      </valueCoding>
    </extension>
    <extension url="period">
      <valuePeriod>
        <start value="1974-04-01" />
      </valuePeriod>
    </extension>
  </extension>
  <identifier>
    <use value="official" />
    <system value="https://fhir.nhs.uk/Id/ods-organization-code" />
    <value value="G81086" />
  </identifier>
    <type>
    <coding>
      <system value="https://fhir.nhs.uk/England/CodeSystem/England-ODSRecordUseType" />
      <code value="Full" />
      <display value="Full" />
    </coding>
  </type>
  <type>
    <coding>
      <system value="https://digital.nhs.uk/services/organisation-data-service/CodeSystem/ODSRecordClass" />
      <code value="RC1" />
      <display value="HSCOrg" />
    </coding>
  </type>
  <name value="BIRD-IN-EYE SURGERY" />
  <telecom>
    <system value="phone" />
    <value value="01825 763196" />
  </telecom>
  <address>
    <extension url="https://fhir.hl7.org.uk/StructureDefinition/Extension-UKCore-AddressKey">
      <extension url="type">
        <valueCodeableConcept>
          <coding>
            <system value="https://fhir.hl7.org.uk/CodeSystem/UKCore-AddressKeyType" />
            <code value="UPRN" />
            <display value="Unique Property Reference Number" />
          </coding>
        </valueCodeableConcept>
      </extension>
      <extension url="value">
        <valueString value="10091054340" />
      </extension>
    </extension>
    <line value="UCKFIELD COMMUNITY HOSPITAL" />
    <line value="FRAMFIELD ROAD" />
    <city value="UCKFIELD" />
    <district value="EAST SUSSEX" />
    <postalCode value="TN22 5AW" />
    <country value="ENGLAND" />
  </address>
</Organization>