<Organization xmlns="http://hl7.org/fhir">
  <id value="ODS-Organization-4VE03-Example" />
  <extension url="https://fhir.nhs.uk/England/StructureDefinition/Extension-England-TypedDateTime">
    <extension url="type">
      <valueCoding>
        <system value="https://fhir.nhs.uk/England/CodeSystem/England-ODSDateTime" />
        <code value="LastChangeDate" />
        <display value="Last Change Date" />
      </valueCoding>
    </extension>
    <extension url="dateTime">
      <valueDateTime value="2002-03-31" />
    </extension>
  </extension>
  <extension url="https://fhir.nhs.uk/England/StructureDefinition/Extension-England-TypedPeriod">
    <extension url="dateType">
      <valueCoding>
        <system value="https://fhir.nhs.uk/England/CodeSystem/England-PeriodType" />
        <code value="legal" />
        <display value="Legal" />
      </valueCoding>
    </extension>
    <extension url="period">
      <valuePeriod>
        <start value="1999-04-01" />
        <end value="2002-03-31" />
      </valuePeriod>
    </extension>
  </extension>
  <extension url="https://fhir.nhs.uk/England/StructureDefinition/Extension-England-TypedPeriod">
    <extension url="dateType">
      <valueCoding>
        <system value="https://fhir.nhs.uk/England/CodeSystem/England-PeriodType" />
        <code value="operational" />
        <display value="Operational" />
      </valueCoding>
    </extension>
    <extension url="period">
      <valuePeriod>
        <start value="1999-04-01" />
        <end value="2002-03-31" />
      </valuePeriod>
    </extension>
  </extension>
  <identifier>
    <use value="official" />
    <system value="https://fhir.nhs.uk/Id/ods-organization-code" />
    <value value="4VE03" />
  </identifier>
  <active value="false" />
  <name value="HIGH WEALD PCG" />
  <address>
    <extension url="https://fhir.hl7.org.uk/StructureDefinition/Extension-UKCore-AddressKey">
      <extension url="type">
        <valueCoding>
          <system value="https://fhir.hl7.org.uk/CodeSystem/UKCore-AddressKeyType" />
          <code value="UPRN" />
          <display value="Unique Property Reference Number" />
        </valueCoding>
      </extension>
      <extension url="value">
        <valueString value="10091054340" />
      </extension>
    </extension>
    <line value="ROTHER HOUSE" />
    <line value="THE OFFICE VILLAGE, RIVER WAY" />
    <city value="UCKFIELD" />
    <district value="EAST SUSSEX" />
    <postalCode value="TN22 1SL" />
    <country value="ENGLAND" />
  </address>
</Organization>