<ValueSet xmlns="http://hl7.org/fhir">
  <id value="nhsdigital-message-events" />
  <url value="https://fhir.nhs.uk/ValueSet/NHSDigital-message-events" />
  <version value="1.0.12" />
  <name value="NHSMessageEvents" />
  <status value="draft" />
  <description value="A ValueSet to identify the type of FHIR Message" />
  <compose>
    <include>
      <system value="https://fhir.nhs.uk/CodeSystem/message-event" />
    </include>
  </compose>
  <expansion>
    <identifier value="urn:uuid:8692f1c5-6863-4f4f-b02d-68595a8eddf7" />
    <timestamp value="2024-05-24T11:15:23+00:00" />
    <total value="12" />
    <parameter>
      <name value="version" />
      <valueUri value="https://fhir.nhs.uk/CodeSystem/message-event|1.0.15" />
    </parameter>
    <parameter>
      <name value="used-codesystem" />
      <valueUri value="https://fhir.nhs.uk/CodeSystem/message-event|1.0.15" />
    </parameter>
    <parameter>
      <name value="warning-draft" />
      <valueUri value="https://fhir.nhs.uk/CodeSystem/message-event|1.0.15" />
    </parameter>
    <contains>
      <system value="https://fhir.nhs.uk/CodeSystem/message-event" />
      <code value="appointment" />
      <display value="Appointment" />
    </contains>
    <contains>
      <system value="https://fhir.nhs.uk/CodeSystem/message-event" />
      <code value="dispense-notification" />
      <display value="Dispense Notification" />
    </contains>
    <contains>
      <system value="https://fhir.nhs.uk/CodeSystem/message-event" />
      <code value="dispense-notification-update" />
      <display value="Dispense Notification Update" />
    </contains>
    <contains>
      <system value="https://fhir.nhs.uk/CodeSystem/message-event" />
      <code value="document" />
      <display value="Document" />
    </contains>
    <contains>
      <system value="https://fhir.nhs.uk/CodeSystem/message-event" />
      <code value="document-notification" />
      <display value="Document Notification" />
    </contains>
    <contains>
      <system value="https://fhir.nhs.uk/CodeSystem/message-event" />
      <code value="patient-notification" />
      <display value="Patient Notifications" />
    </contains>
    <contains>
      <system value="https://fhir.nhs.uk/CodeSystem/message-event" />
      <code value="referral" />
      <display value="Patient Referral" />
    </contains>
    <contains>
      <system value="https://fhir.nhs.uk/CodeSystem/message-event" />
      <code value="prescription-order" />
      <display value="Prescription Order" />
    </contains>
    <contains>
      <system value="https://fhir.nhs.uk/CodeSystem/message-event" />
      <code value="prescription-order-response" />
      <display value="Prescription Order Response" />
    </contains>
    <contains>
      <system value="https://fhir.nhs.uk/CodeSystem/message-event" />
      <code value="prescription-order-update" />
      <display value="Prescription Order Update" />
    </contains>
    <contains>
      <system value="https://fhir.nhs.uk/CodeSystem/message-event" />
      <code value="unsolicited-observations" />
      <display value="Unsolicited Observations" />
    </contains>
    <contains>
      <system value="https://fhir.nhs.uk/CodeSystem/message-event" />
      <code value="vaccinations" />
      <display value="Vaccinations" />
    </contains>
  </expansion>
</ValueSet>