<ValueSet xmlns="http://hl7.org/fhir">
	<id value="England-OrganisationRole" />
	<url value="https://fhir.nhs.uk/England/ValueSet/England-OrganisationRole" />
	<version value="1.0.0" />
	<name value="EnglandOrganisationRole" />
	<title value="England Organisation Role" />
	<status value="draft" />
	<date value="2023-10-18" />
	<publisher value="NHS England" />
	<contact>
		<name value="NHS England" />
		<telecom>
			<system value="email" />
			<value value="interoperabilityteam@nhs.net" />
			<use value="work" />
			<rank value="1" />
		</telecom>
	</contact>
	<description value="This valueset defines the codes used to identify the role of an organisation." />
	<copyright value="Copyright © 2023+ NHS England Licensed under the Apache License, Version 2.0 (the \&quot;License\&quot;); you may not use this file except in compliance with the License. You may obtain a copy of the License at  http://www.apache.org/licenses/LICENSE-2.0 Unless required by applicable law or agreed to in writing, software distributed under the License is distributed on an \&quot;AS IS\&quot; BASIS, WITHOUT WARRANTIES OR CONDITIONS OF ANY KIND, either express or implied. See the License for the specific language governing permissions and limitations under the License. HL7® FHIR® standard Copyright © 2011+ HL7 The HL7® FHIR® standard is used under the FHIR license. You may obtain a copy of the FHIR license at  https://www.hl7.org/fhir/license.html." />
	<compose>
		<include>
			<system value="https://fhir.nhs.uk/England/CodeSystem/England-ODSOrganisationRole" />
		</include>
	</compose>
</ValueSet>