<ImplementationGuide xmlns="http://hl7.org/fhir"><url value="/guide/Child-Protection---Information-Sharing--CP-IS--API-Consumer-Impl?version=current" /><version value="0.1.0-alpha" /><name value="Child Protection - Information Sharing (CP-IS) API Consumer Implementation Guidance" /><status value="draft" /><description value="FHIR Implementation Guide defining Child Protection - Information Sharing (CP-IS) API Consumer (Client) application requirements and specification" /><fhirVersion value="4.0.0" /><definition><page><nameUrl value="Home" /><title value="Home" /><generation value="generated" /><page><nameUrl value="Home/Sitemap-Overview.page.md" /><title value="Sitemap overview" /><generation value="markdown" /></page><page><nameUrl value="Home/Design" /><title value="Design" /><generation value="generated" /><page><nameUrl value="Home/Design/Designoverview.page.md" /><title value="Design overview" /><generation value="markdown" /></page><page><nameUrl value="Home/Design/Data-mapping.page.md" /><title value="Data mapping" /><generation value="markdown" /></page><page><nameUrl value="Home/Design/Interactions.page.md" /><title value="Interactions" /><generation value="markdown" /></page></page><page><nameUrl value="Home/Build" /><title value="Build" /><generation value="generated" /><page><nameUrl value="Home/Build/APIusage.page.md" /><title value="API usage" /><generation value="markdown" /></page><page><nameUrl value="Home/Build/Authentication.page.md" /><title value="Authentication" /><generation value="markdown" /></page><page><nameUrl value="Home/Build/Errorhandling.page.md" /><title value="Error handling" /><generation value="markdown" /></page><page><nameUrl value="Home/Build/Headers.page.md" /><title value="Headers" /><generation value="markdown" /></page></page><page><nameUrl value="Home/FHIRAssets" /><title value="FHIR Assets" /><generation value="generated" /><page><nameUrl value="Home/FHIRAssets/Capability-Statement.page.md" /><title value="Capability Statement" /><generation value="markdown" /></page><page><nameUrl value="Home/FHIRAssets/Profiles.page.md" /><title value="Profiles" /><generation value="markdown" /></page><page><nameUrl value="Home/FHIRAssets/CodeSystems.page.md" /><title value="CodeSystems" /><generation value="markdown" /></page><page><nameUrl value="Home/FHIRAssets/ValueSets.page.md" /><title value="ValueSets" /><generation value="markdown" /></page><page><nameUrl value="Home/FHIRAssets/AllAssets" /><title value="All Assets" /><generation value="generated" /><page><nameUrl value="Home/FHIRAssets/AllAssets/Profiles" /><title value="Profiles" /><generation value="generated" /><page><nameUrl value="Home/FHIRAssets/AllAssets/Profiles/CareTeam.page.md" /><title value="CareTeam" /><generation value="markdown" /></page><page><nameUrl value="Home/FHIRAssets/AllAssets/Profiles/AuditEvent.page.md" /><title value="AuditEvent" /><generation value="markdown" /></page><page><nameUrl value="Home/FHIRAssets/AllAssets/Profiles/UKCore-PractitionerRole.page.md" /><title value="UKCore-PractitionerRole" /><generation value="markdown" /></page><page><nameUrl value="Home/FHIRAssets/AllAssets/Profiles/UKCore-Bundle.page.md" /><title value="UKCore-Bundle" /><generation value="markdown" /></page><page><nameUrl value="Home/FHIRAssets/AllAssets/Profiles/UKCore-OperationOutcome.page.md" /><title value="UKCore-OperationOutcome" /><generation value="markdown" /></page></page><page><nameUrl value="Home/FHIRAssets/AllAssets/ValueSets" /><title value="ValueSets" /><generation value="generated" /><page><nameUrl value="Home/FHIRAssets/AllAssets/ValueSets/ValueSet-EnglandChildProtectionPlan.page.md" /><title value="ValueSet-EnglandChildProtectionPlan" /><generation value="markdown" /></page></page></page></page><page><nameUrl value="Home/Examples" /><title value="Examples" /><generation value="generated" /><page><nameUrl value="Home/Examples/Use-case---Get-CareTeam.page.md" /><title value="Use case - Get CareTeam" /><generation value="markdown" /></page><page><nameUrl value="Home/Examples/Use-case---Get-AuditEvent.page.md" /><title value="Use case - Get AuditEvent" /><generation value="markdown" /></page></page><page><nameUrl value="Home/Glossary" /><title value="Glossary" /><generation value="generated" /></page><page><nameUrl value="Home/Helpandsupport" /><title value="Help and support" /><generation value="generated" /><page><nameUrl value="Home/Helpandsupport/Downloads.page.md" /><title value="Downloads" /><generation value="markdown" /></page></page></page></definition></ImplementationGuide>