<MessageDefinition xmlns="http://hl7.org/fhir">
  <id value="11882ae2-211f-49ee-acbe-e319304d80cd" />
  <url value="https://fhir.nhs.uk/MessageDefinition/bars-message-servicerequest-request-cancelled" />
  <name value="BARS Message Definition ServiceRequest - Request - Cancelled" />
  <title value="BARS Message Definition ServiceRequest - Request - Cancelled" />
  <status value="active" />
  <date value="2023-04-11" />
  <version value="1.1.0" />
  <eventCoding>
    <system value="https://fhir.nhs.uk/CodeSystem/message-events-bars" />
    <code value="servicerequest-request" />
  </eventCoding>
  <useContext>
    <!-- We are expecting the UseContext to be a DOS ID -->
    <code>
      <system value="https://fhir.nhs.uk/CodeSystem/dos-id" />
      <code value="dos-id" />
    </code>
    <valueCodeableConcept>
      <coding>
        <system value="http://terminology.hl7.org/CodeSystem/variant-state" />
        <code value="positive" />
      </coding>
    </valueCodeableConcept>
  </useContext>
  <focus>
    <code value="Bundle" />
    <profile value="https://fhir.nhs.uk/StructureDefinition/BARSBundleMessage" />
    <min value="1" />
    <max value="1" />
  </focus>
  <focus>
    <code value="MessageHeader" />
    <profile value="https://fhir.nhs.uk/StructureDefinition/BARSMessageHeader-servicerequest-request" />
    <min value="1" />
    <max value="1" />
  </focus>
  <focus>
    <code value="ServiceRequest" />
    <profile value="https://fhir.nhs.uk/StructureDefinition/BARSServiceRequest-request-referral" />
    <min value="1" />
    <max value="1" />
  </focus>
  <focus>
    <code value="Patient" />
    <profile value="https://fhir.hl7.org.uk/StructureDefinition/UKCore-Patient" />
    <min value="1" />
    <max value="1" />
  </focus>
  <focus>
    <code value="Organization" />
    <profile value="https://fhir.hl7.org.uk/StructureDefinition/UKCore-Organization" />
    <min value="2" />
    <max value="*" />
  </focus>
</MessageDefinition>