<StructureMap xmlns="http://hl7.org/fhir">
  <id value="1" />
  <meta>
    <versionId value="38" />
    <lastUpdated value="2022-01-10T14:24:11.567+00:00" />
  </meta>
  <text>
    <status value="generated" />
    <div xmlns="http://www.w3.org/1999/xhtml">
      <pre>map "http://basic.test/medication-request" = "basic-test-medication-request"


uses "http://hl7.org/fhir/StructureDefinition/MedicationRequest" alias MedicationRequest as source
uses "http://hl7.org/fhir/StructureDefinition/MedicationRequest" alias MedicationRequest as target

group MedicationRequest(source src : MedicationRequest, target tgt : MedicationRequest) {
  src.extension as ext where $this.url = 'https://fhir.nhs.uk/STU3/StructureDefinition/Extension-CareConnect-MedicationRepeatInformation-1' -&gt;  tgt.extension as tgtext,  tgtext.url = 'https://fhir.nhs.uk/StructureDefinition/Extension-UKCore-MedicationRepeatInformation' then {
    ext.extension as vs where $this.url = 'numberOfRepeatPrescriptionsIssued' -&gt;  tgtext.extension = create('Extension') as vt,  vt.url = 'numberOfRepeatPrescriptionsIssued' then ExtensionUnsignedIntValue(vs, vt);
    ext.extension as vs where $this.url = 'authorisationExpiryDate' -&gt;  tgtext.extension = create('Extension') as vt,  vt.url = 'authorisationExpiryDate' then ExtensionDateTimeValue(vs, vt);
  };
  src.extension as ext where $this.url = 'https://fhir.nhs.uk/STU3/StructureDefinition/Extension-CareConnect-MedicationRepeatInformation-1' -&gt; tgt.extension as tgtext then {
    ext.extension as vs where $this.url = 'numberOfRepeatPrescriptionsAllowed' -&gt; tgt.dispenseRequest as vt then DispenseRequest(vs, vt);
  };
}

group ExtensionUnsignedIntValue(source src, target tgt) {
  src.value as vs -&gt;  tgt.value = create('unsignedInt') as vt,  vt.value = vs;
}

group ExtensionDateTimeValue(source src, target tgt) {
  src.value as vs -&gt;  tgt.value = create('dateTime') as vt,  vt.value = vs;
}

group DispenseRequest(source src, target tgt) {
  src.value as vs -&gt;  tgt.numberOfRepeatsAllowed = create('unsignedInt') as vt,  vt.value = vs;
}

</pre>
    </div>
  </text>
  <url value="http://basic.test/medication-request" />
  <name value="basic-test-medication-request" />
  <structure>
    <url value="http://hl7.org/fhir/StructureDefinition/MedicationRequest" />
    <mode value="source" />
    <alias value="MedicationRequest" />
  </structure>
  <structure>
    <url value="http://hl7.org/fhir/StructureDefinition/MedicationRequest" />
    <mode value="target" />
    <alias value="MedicationRequest" />
  </structure>
  <group>
    <name value="MedicationRequest" />
    <typeMode value="none" />
    <input>
      <name value="src" />
      <type value="MedicationRequest" />
      <mode value="source" />
    </input>
    <input>
      <name value="tgt" />
      <type value="MedicationRequest" />
      <mode value="target" />
    </input>
    <rule>
      <name value="extension" />
      <source>
        <context value="src" />
        <element value="extension" />
        <variable value="ext" />
        <condition value="$this.url = 'https://fhir.nhs.uk/STU3/StructureDefinition/Extension-CareConnect-MedicationRepeatInformation-1'" />
      </source>
      <target>
        <context value="tgt" />
        <contextType value="variable" />
        <element value="extension" />
        <variable value="tgtext" />
      </target>
      <target>
        <context value="tgtext" />
        <contextType value="variable" />
        <element value="url" />
        <transform value="copy" />
        <parameter>
          <valueString value="https://fhir.nhs.uk/StructureDefinition/Extension-UKCore-MedicationRepeatInformation" />
        </parameter>
      </target>
      <rule>
        <name value="extension" />
        <source>
          <context value="ext" />
          <element value="extension" />
          <variable value="vs" />
          <condition value="$this.url = 'numberOfRepeatPrescriptionsIssued'" />
        </source>
        <target>
          <context value="tgtext" />
          <contextType value="variable" />
          <element value="extension" />
          <variable value="vt" />
          <transform value="create" />
          <parameter>
            <valueString value="Extension" />
          </parameter>
        </target>
        <target>
          <context value="vt" />
          <contextType value="variable" />
          <element value="url" />
          <transform value="copy" />
          <parameter>
            <valueString value="numberOfRepeatPrescriptionsIssued" />
          </parameter>
        </target>
        <dependent>
          <name value="ExtensionUnsignedIntValue" />
          <variable value="vs" />
          <variable value="vt" />
        </dependent>
      </rule>
      <rule>
        <name value="extension" />
        <source>
          <context value="ext" />
          <element value="extension" />
          <variable value="vs" />
          <condition value="$this.url = 'authorisationExpiryDate'" />
        </source>
        <target>
          <context value="tgtext" />
          <contextType value="variable" />
          <element value="extension" />
          <variable value="vt" />
          <transform value="create" />
          <parameter>
            <valueString value="Extension" />
          </parameter>
        </target>
        <target>
          <context value="vt" />
          <contextType value="variable" />
          <element value="url" />
          <transform value="copy" />
          <parameter>
            <valueString value="authorisationExpiryDate" />
          </parameter>
        </target>
        <dependent>
          <name value="ExtensionDateTimeValue" />
          <variable value="vs" />
          <variable value="vt" />
        </dependent>
      </rule>
    </rule>
    <rule>
      <name value="extension" />
      <source>
        <context value="src" />
        <element value="extension" />
        <variable value="ext" />
        <condition value="$this.url = 'https://fhir.nhs.uk/STU3/StructureDefinition/Extension-CareConnect-MedicationRepeatInformation-1'" />
      </source>
      <target>
        <context value="tgt" />
        <contextType value="variable" />
        <element value="extension" />
        <variable value="tgtext" />
      </target>
      <rule>
        <name value="extension" />
        <source>
          <context value="ext" />
          <element value="extension" />
          <variable value="vs" />
          <condition value="$this.url = 'numberOfRepeatPrescriptionsAllowed'" />
        </source>
        <target>
          <context value="tgt" />
          <contextType value="variable" />
          <element value="dispenseRequest" />
          <variable value="vt" />
        </target>
        <dependent>
          <name value="DispenseRequest" />
          <variable value="vs" />
          <variable value="vt" />
        </dependent>
      </rule>
    </rule>
  </group>
  <group>
    <name value="ExtensionUnsignedIntValue" />
    <typeMode value="none" />
    <input>
      <name value="src" />
      <mode value="source" />
    </input>
    <input>
      <name value="tgt" />
      <mode value="target" />
    </input>
    <rule>
      <name value="value" />
      <source>
        <context value="src" />
        <element value="value" />
        <variable value="vs" />
      </source>
      <target>
        <context value="tgt" />
        <contextType value="variable" />
        <element value="value" />
        <variable value="vt" />
        <transform value="create" />
        <parameter>
          <valueString value="unsignedInt" />
        </parameter>
      </target>
      <target>
        <context value="vt" />
        <contextType value="variable" />
        <element value="value" />
        <transform value="copy" />
        <parameter>
          <valueId value="vs" />
        </parameter>
      </target>
    </rule>
  </group>
  <group>
    <name value="ExtensionDateTimeValue" />
    <typeMode value="none" />
    <input>
      <name value="src" />
      <mode value="source" />
    </input>
    <input>
      <name value="tgt" />
      <mode value="target" />
    </input>
    <rule>
      <name value="value" />
      <source>
        <context value="src" />
        <element value="value" />
        <variable value="vs" />
      </source>
      <target>
        <context value="tgt" />
        <contextType value="variable" />
        <element value="value" />
        <variable value="vt" />
        <transform value="create" />
        <parameter>
          <valueString value="dateTime" />
        </parameter>
      </target>
      <target>
        <context value="vt" />
        <contextType value="variable" />
        <element value="value" />
        <transform value="copy" />
        <parameter>
          <valueId value="vs" />
        </parameter>
      </target>
    </rule>
  </group>
  <group>
    <name value="DispenseRequest" />
    <typeMode value="none" />
    <input>
      <name value="src" />
      <mode value="source" />
    </input>
    <input>
      <name value="tgt" />
      <mode value="target" />
    </input>
    <rule>
      <name value="value" />
      <source>
        <context value="src" />
        <element value="value" />
        <variable value="vs" />
      </source>
      <target>
        <context value="tgt" />
        <contextType value="variable" />
        <element value="numberOfRepeatsAllowed" />
        <variable value="vt" />
        <transform value="create" />
        <parameter>
          <valueString value="unsignedInt" />
        </parameter>
      </target>
      <target>
        <context value="vt" />
        <contextType value="variable" />
        <element value="value" />
        <transform value="copy" />
        <parameter>
          <valueId value="vs" />
        </parameter>
      </target>
    </rule>
  </group>
</StructureMap>