<NamingSystem xmlns="http://hl7.org/fhir">
	<id value="gnccode-namingsystem"/>
	<name value="GNC Code"/>
	<status value="active"/>
	<kind value="identifier"/>
	<date value="2023-08-01"/>
	<publisher value="HL7 UK"/>
	<contact>
		<name value="HL7 UK"/>
		<telecom>
			<system value="email"/>
			<value value="ukcore@hl7.org.uk"/>
			<use value="work"/>
			<rank value="1"/>
		</telecom>
	</contact>
	<responsible value="NHS Prescription Services"/>
	<description value="General National Codes are provided by the NHS Prescription service to track prescribing activity. A code represents a prescribing cost code and is only unique in conjunction with a organisation association. A letter 'G' followed by a 6 digit numeric code e.g. G0010856."/>
	<uniqueId>
		<type value="uri"/>
		<value value="https://fhir.hl7.org.uk/Id/gnc-codes"/>
		<preferred value="true"/>
	</uniqueId>
</NamingSystem>