<NamingSystem xmlns="http://hl7.org/fhir">
	<id value="gocnumber-namingsystem"/>
	<name value="GOC Number"/>
	<status value="active"/>
	<kind value="identifier"/>
	<date value="2023-08-01"/>
	<publisher value="HL7 UK"/>
	<contact>
		<name value="HL7 UK"/>
		<telecom>
			<system value="email"/>
			<value value="ukcore@hl7.org.uk"/>
			<use value="work"/>
			<rank value="1"/>
		</telecom>
	</contact>
	<responsible value="General Optical Council"/>
	<description value="General Optical Council (GOC) number"/>
	<uniqueId>
		<type value="uri"/>
		<value value="https://fhir.hl7.org.uk/Id/goc-number"/>
		<preferred value="true"/>
	</uniqueId>
</NamingSystem>