<NamingSystem xmlns="http://hl7.org/fhir">
	<id value="hcpcnumber-namingsystem"/>
	<name value="HCPC Number"/>
	<status value="active"/>
	<kind value="identifier"/>
	<date value="2023-08-01"/>
	<publisher value="HL7 UK"/>
	<contact>
		<name value="HL7 UK"/>
		<telecom>
			<system value="email"/>
			<value value="ukcore@hl7.org.uk"/>
			<use value="work"/>
			<rank value="1"/>
		</telecom>
	</contact>
	<responsible value="Health and Care Professions Council"/>
	<description value="Health and Care Professions Council (HCPC) number"/>
	<uniqueId>
		<type value="uri"/>
		<value value="https://fhir.hl7.org.uk/Id/hcpc-number"/>
		<preferred value="true"/>
	</uniqueId>
</NamingSystem>