<NamingSystem xmlns="http://hl7.org/fhir">
  <id value="NamingSystem-GDC-Number" />
  <name value="GDCNumber" />
  <status value="active" />
  <kind value="identifier" />
  <date value="2023-12-05" />
  <publisher value="HL7 UK" />
  <contact>
    <name value="HL7 UK" />
    <telecom>
      <system value="email" />
      <value value="ukcore@hl7.org.uk" />
      <use value="work" />
      <rank value="1" />
    </telecom>
  </contact>
  <responsible value="General Dental Council" />
  <description value="General Dental Council (GDC) number, used to identify dental professionals" />
  <uniqueId>
    <type value="uri" />
    <value value="https://fhir.hl7.org.uk/Id/gdc-number" />
    <preferred value="true" />
  </uniqueId>
</NamingSystem>