<NamingSystem xmlns="http://hl7.org/fhir">
  <id value="NamingSystem-Dmd" />
  <name value="Dmd" />
  <status value="active" />
  <kind value="codesystem" />
  <date value="2023-12-05" />
  <publisher value="HL7 UK" />
  <contact>
    <name value="HL7 UK" />
    <telecom>
      <system value="email" />
      <value value="ukcore@hl7.org.uk" />
      <use value="work" />
      <rank value="1" />
    </telecom>
  </contact>
  <responsible value="NHS England" />
  <description value="NHS Dictionary of Medicines and Devices. For more details see: [NHS Data Model Dictionary](https://www.datadictionary.nhs.uk/supporting_information/nhs_dictionary_of_medicines_and_devices.html)" />
  <uniqueId>
    <type value="uri" />
    <value value="https://dmd.nhs.uk" />
    <preferred value="true" />
  </uniqueId>
</NamingSystem>