<NamingSystem xmlns="http://hl7.org/fhir">
  <id value="NamingSystem-GMC-Number" />
  <name value="GMCNumber" />
  <status value="active" />
  <kind value="identifier" />
  <date value="2023-12-05" />
  <publisher value="HL7 UK" />
  <contact>
    <name value="HL7 UK" />
    <telecom>
      <system value="email" />
      <value value="ukcore@hl7.org.uk" />
      <use value="work" />
      <rank value="1" />
    </telecom>
  </contact>
  <responsible value="General Medical Council" />
  <description value="General Medical Council Consultant Code. For more details see: [NHS Data Model Dictionary](https://www.datadictionary.nhs.uk/attributes/general_medical_council_reference_number.html)" />
  <usage value="A unique consultant code, used to identify consultants" />
  <uniqueId>
    <type value="uri" />
    <value value="https://fhir.hl7.org.uk/Id/gmc-number" />
    <preferred value="true" />
  </uniqueId>
  <uniqueId>
    <type value="oid" />
    <value value="2.16.840.1.113883.2.1.3.2.4.16.63" />
    <preferred value="false" />
  </uniqueId>
  <uniqueId>
    <type value="other" />
    <value value="GMC" />
    <preferred value="false" />
    <comment value="XCN.9 HSCIC HL7 V2 ADT" />
  </uniqueId>
</NamingSystem>