<NamingSystem xmlns="http://hl7.org/fhir">
  <id value="NamingSystem-Emis-Drug" />
  <name value="EMISDrug" />
  <status value="active" />
  <kind value="codesystem" />
  <date value="2023-12-05" />
  <publisher value="HL7 UK" />
  <contact>
    <name value="HL7 UK" />
    <telecom>
      <system value="email" />
      <value value="ukcore@hl7.org.uk" />
      <use value="work" />
      <rank value="1" />
    </telecom>
  </contact>
  <responsible value="EMIS Health" />
  <description value="EMIS drug codes" />
  <usage value="A coding system describing UK drugs and their ingredients developed by EMIS systems Ltd" />
  <uniqueId>
    <type value="uri" />
    <value value="https://fhir.hl7.org.uk/Id/emis-drug-codes" />
    <preferred value="true" />
  </uniqueId>
  <uniqueId>
    <type value="oid" />
    <value value="2.16.840.1.113883.2.1.6.9" />
    <preferred value="false" />
  </uniqueId>
</NamingSystem>