<NamingSystem xmlns="http://hl7.org/fhir">
	<id value="ods-organization-code-namingsystem"/>
	<name value="ODS Organisation Code"/>
	<status value="active"/>
	<kind value="identifier"/>
	<date value="2023-08-01"/>
	<publisher value="HL7 UK"/>
	<contact>
		<name value="HL7 UK"/>
		<telecom>
			<system value="email"/>
			<value value="ukcore@hl7.org.uk"/>
			<use value="work"/>
			<rank value="1"/>
		</telecom>
	</contact>
	<responsible value="NHS England"/>
	<description value="The identifier system for an Organisation registered with the Organisation Data Service (ODS)."/>
	<usage value="To be used to identify an Organisation registered with the Organisation Data Service (ODS)."/>
	<uniqueId>
		<type value="uri"/>
		<value value="https://fhir.nhs.uk/Id/ods-organization-code"/>
		<preferred value="true"/>
	</uniqueId>
	<uniqueId>
		<type value="oid"/>
		<value value="2.16.840.1.113883.2.1.4.3"/>
		<preferred value="false"/>
	</uniqueId>
	<uniqueId>
		<type value="oid"/>
		<value value="1.2.826.0.1285.0.1.10"/>
		<preferred value="true"/>
		<comment value="NHS SDS Organisation Id - Organisation Id. [BT]"/>
	</uniqueId>
</NamingSystem>