<NamingSystem xmlns="http://hl7.org/fhir">
	<id value="ppa-number-namingsystem"/>
	<name value="Prescription Pricing Authority (PPA) number"/>
	<status value="active"/>
	<kind value="identifier"/>
	<date value="2023-10-10"/>
	<publisher value="HL7 UK"/>
	<contact>
		<name value="HL7 UK"/>
		<telecom>
			<system value="email"/>
			<value value="ukcore@hl7.org.uk"/>
			<use value="work"/>
			<rank value="1"/>
		</telecom>
	</contact>
	<responsible value="Prescription Pricing Authority"/>
	<description value="The identifier system for Prescription Pricing Authority (PPA) number."/>
	<usage value="The main functions of the PPA were to calculate and make payments due to pharmacists and appliance contractors, and calculate amounts due to general practitioners, for supplying drugs and appliances prescribed under the NHS. The PPA was abolished in 2006 with functions transferring to the NHS Business Services Authority."/>
	<uniqueId>
		<type value="uri"/>
		<value value="https://fhir.hl7.org.uk/Id/ppa-number"/>
		<preferred value="true"/>
	</uniqueId>
</NamingSystem>