<?xml version="1.0" encoding="UTF-8"?>
<MessageDefinition xmlns="http://hl7.org/fhir">
  <id value="England-MCED-TestReport" />
  <url value="https://fhir.nhs.uk/England/MessageDefinition/England-MCED-TestReport" />
  <name value="EnglandMultiCancerEarlyDetectionTestReport" />
  <title value="England Multi-Cancer Early Detection Test Report" />
  <status value="draft" />
  <date value="2023-11-09" />
  <publisher value="NHS England" />
  <contact>
    <name value="NHS England" />
    <telecom>
      <system value="email" />
      <value value="interoperabilityteam@nhs.net" />
      <use value="work" />
      <rank value="1" />
    </telecom>
  </contact>
  <description value="Message definition of a Multi-Cancer Early Detection Test Report" />
  <copyright value="Copyright &#169; 2023+ NHS England Licensed under the Apache License, Version 2.0 (the &amp;quot;License&amp;quot;); you may not use this file except in compliance with the License. You may obtain a copy of the License at  http://www.apache.org/licenses/LICENSE-2.0 Unless required by applicable law or agreed to in writing, software distributed under the License is distributed on an &amp;quot;AS IS&amp;quot; BASIS, WITHOUT WARRANTIES OR CONDITIONS OF ANY KIND, either express or implied. See the License for the specific language governing permissions and limitations under the License. HL7&#174; FHIR&#174; standard Copyright &#169; 2011+ HL7 The HL7&#174; FHIR&#174; standard is used under the FHIR license. You may obtain a copy of the FHIR license at  https://www.hl7.org/fhir/license.html." />
  <eventCoding>
    <system value="http://snomed.info/sct" />
    <code value="371528001" />
    <display value="Pathology report" />
  </eventCoding>
  <category value="notification" />
  <focus>
    <code value="Organization" />
    <profile value="https://fhir.hl7.org.uk/StructureDefinition/UKCore-Organization" />
    <min value="1" />
    <max value="*" />
  </focus>
  <focus>
    <code value="Practitioner" />
    <profile value="https://fhir.hl7.org.uk/StructureDefinition/UKCore-Practitioner" />
    <min value="1" />
    <max value="1" />
  </focus>
  <focus>
    <code value="Patient" />
    <profile value="https://fhir.hl7.org.uk/StructureDefinition/UKCore-Patient" />
    <min value="1" />
    <max value="1" />
  </focus>
  <focus>
    <code value="ServiceRequest" />
    <profile value="https://fhir.hl7.org.uk/StructureDefinition/UKCore-ServiceRequest" />
    <min value="1" />
    <max value="1" />
  </focus>
  <focus>
    <code value="DiagnosticReport" />
    <profile value="https://fhir.hl7.org.uk/StructureDefinition/UKCore-DiagnosticReport" />
    <min value="1" />
    <max value="1" />
  </focus>
  <focus>
    <code value="Observation" />
    <profile value="https://fhir.hl7.org.uk/StructureDefinition/UKCore-Observation" />
    <min value="0" />
    <max value="*" />
  </focus>
  <focus>
    <code value="Specimen" />
    <profile value="https://fhir.hl7.org.uk/StructureDefinition/UKCore-Specimen" />
    <min value="1" />
    <max value="1" />
  </focus>
</MessageDefinition>
