{
  "resourceType": "Bundle",
  "id": "2b62ff26-25a9-4a88-8cb6-f69e85fb6159",
  "identifier": {
    "system": "https://tools.ietf.org/html/rfc4122",
    "value": "86af4f6c-30c5-4947-acc7-2f55145181de"
  },
  "type": "searchset",
  "entry": [
    {
      "fullUrl": "222c7ae0-9e54-4980-a46b-c259146a5730",
      "resource": {
        "resourceType": "MedicationRequest",
        "id": "b269d1d7-1acf-47bb-8b3c-e38b583d9a07",
        "meta": {
          "profile": [
            "https://fhir.hl7.org.uk/StructureDefinition/UKCore-MedicationRequest"
          ]
        },
        "identifier": [
          {
            "system": "https://fhir.nhs.uk/Id/prescription-order-item-number",
            "value": "4857b9d3-b714-44b9-9e67-3df67275b785"
          }
        ],
        "status": "active",
        "intent": "order",
        "category": [
          {
            "coding": [
              {
                "system": "http://terminology.hl7.or/CodeSystem/medicationrequest-category",
                "code": "community",
                "display": "Community"
              }
            ]
          }
        ],
        "medicationCodeableConcept": {
          "coding": [
            {
              "system": "https://dmd.nhs.uk",
              "code": "3113111000001106",
              "display": "Pulmicort 100 Turbohaler (AstraZeneca UK Ltd)"
            }
          ]
        },
        "subject": {
          "reference": "Patient/9000000009",
          "identifier": {
            "system": "https://fhir.nhs.uk/Id/nhs-number",
            "value": "9000000009"
          },
          "display": "Jane Smith"
        },
        "requester": {
          "reference": "PractitionerRole/e35f0382-ac2e-47f9-9164-afd7d6adf952",
          "display": "Dr Jane Smith"
        },
        "basedOn": [
          {
            "reference": "MedicationRequest/4de39acf-73b1-4dc6-bb87-c98b57ee5413"
          }
        ],
        "groupIdentifier": {
          "system": "https://fhir.nhs.uk/Id/prescription-order-number",
          "value": "CDT38E-Y765968-4FG3BQ"
        },
        "courseOfTherapyType": {
          "coding": [
            {
              "system": "http://terminology.hl7.org/CodeSystem/medicationrequest-course-of-therapy",
              "code": "continuous",
              "display": "Continuous long term therapy"
            }
          ]
        },
        "authoredOn": "2022-10-13T09:20:27.000Z",
        "substitution": {
          "allowedBoolean": false
        },
        "dosageInstruction": [
          {
            "text": "One to two puffs to be inhaled as needed",
            "method": {
              "coding": [
                {
                  "system": "http://snomed.info/sct",
                  "code": "420652005",
                  "display": "Until gone"
                }
              ]
            }
          }
        ],
        "dispenseRequest": {
          "numberOfRepeatsAllowed": 6,
          "quantity": {
            "value": 1,
            "unit": "inhaler",
            "system": "http://snomed.info/sct",
            "code": "334980009"
          },
          "expectedSupplyDuration": {
            "value": 28,
            "unit": "days",
            "system": "http://unitsofmeasure.org",
            "code": "d"
          },
          "performer": {
            "identifier": {
              "system": "https://fhir.nhs.uk/Id/ods-organization-code",
              "value": "Y12345"
            }
          }
        }
      }
    },
    {
      "fullUrl": "e1264b69-b55b-44b9-9b2b-6655a39c8506",
      "resource": {
        "resourceType": "MedicationRequest",
        "id": "159757f8-6409-4b8c-b0df-f8feefc3ad0e",
        "meta": {
          "profile": [
            "https://fhir.hl7.org.uk/StructureDefinition/UKCore-MedicationRequest"
          ]
        },
        "identifier": [
          {
            "system": "https://fhir.nhs.uk/Id/prescription-order-item-number",
            "value": "4857b9d3-b714-44b9-9e67-3df67275b785"
          }
        ],
        "status": "completed",
        "intent": "order",
        "category": [
          {
            "coding": [
              {
                "system": "http://terminology.hl7.or/CodeSystem/medicationrequest-category",
                "code": "community",
                "display": "Community"
              }
            ]
          }
        ],
        "medicationCodeableConcept": {
          "coding": [
            {
              "system": "https://dmd.nhs.uk",
              "code": "3113111000001106",
              "display": "Pulmicort 100 Turbohaler (AstraZeneca UK Ltd)"
            }
          ]
        },
        "subject": {
          "reference": "Patient/9000000009",
          "identifier": {
            "system": "https://fhir.nhs.uk/Id/nhs-number",
            "value": "9000000009"
          },
          "display": "Jane Smith"
        },
        "requester": {
          "reference": "PractitionerRole/e35f0382-ac2e-47f9-9164-afd7d6adf952",
          "display": "Dr Jane Smith"
        },
        "basedOn": [
          {
            "reference": "MedicationRequest/4de39acf-73b1-4dc6-bb87-c98b57ee5413"
          }
        ],
        "groupIdentifier": {
          "system": "https://fhir.nhs.uk/Id/prescription-order-number",
          "value": "PDI12E-Y765908-4FF3LQ"
        },
        "courseOfTherapyType": {
          "coding": [
            {
              "system": "http://terminology.hl7.org/CodeSystem/medicationrequest-course-of-therapy",
              "code": "continuous",
              "display": "Continuous long term therapy"
            }
          ]
        },
        "authoredOn": "2022-11-13T07:20:27.000Z",
        "substitution": {
          "allowedBoolean": false
        },
        "dosageInstruction": [
          {
            "text": "One to two puffs to be inhaled as needed",
            "method": {
              "coding": [
                {
                  "system": "http://snomed.info/sct",
                  "code": "420652005",
                  "display": "Until gone"
                }
              ]
            }
          }
        ],
        "dispenseRequest": {
          "numberOfRepeatsAllowed": 6,
          "quantity": {
            "value": 1,
            "unit": "inhaler",
            "system": "http://snomed.info/sct",
            "code": "334980009"
          },
          "expectedSupplyDuration": {
            "value": 28,
            "unit": "days",
            "system": "http://unitsofmeasure.org",
            "code": "d"
          },
          "performer": {
            "identifier": {
              "system": "https://fhir.nhs.uk/Id/ods-organization-code",
              "value": "Y12345"
            }
          }
        }
      }
    },
    {
      "fullUrl": "9bb81cb7-30fe-4406-bbed-e4b82bab2d4c",
      "resource": {
        "resourceType": "MedicationRequest",
        "id": "4de39acf-73b1-4dc6-bb87-c98b57ee5413",
        "meta": {
          "profile": [
            "https://fhir.hl7.org.uk/StructureDefinition/UKCore-MedicationRequest"
          ]
        },
        "extension": [
          {
            "url": "https://fhir.hl7.org.uk/StructureDefinition/Extension-UKCore-MedicationRepeatInformation",
            "extension": [
              {
                "url": "numberOfPrescriptionsIssued",
                "valueUnsignedInt": 2
              },
              {
                "url": "authorisationExpiryDate",
                "valueDateTime": "2022-10-11T19:00:00.000Z"
              }
            ]
          }
        ],
        "identifier": [
          {
            "system": "https://tools.ietf.org/html/rfc4122",
            "value": "42b4a841-9d69-4d13-bf91-ee5882e85765"
          }
        ],
        "status": "active",
        "intent": "plan",
        "category": [
          {
            "coding": [
              {
                "system": "http://terminology.hl7.or/CodeSystem/medicationrequest-category",
                "code": "community",
                "display": "Community"
              }
            ]
          }
        ],
        "medicationCodeableConcept": {
          "coding": [
            {
              "system": "https://dmd.nhs.uk",
              "code": "3113111000001106",
              "display": "Pulmicort 100 Turbohaler (AstraZeneca UK Ltd)"
            }
          ]
        },
        "subject": {
          "reference": "Patient/9000000009",
          "identifier": {
            "system": "https://fhir.nhs.uk/Id/nhs-number",
            "value": "9000000009"
          },
          "display": "Jane Smith"
        },
        "requester": {
          "reference": "PractitionerRole/e35f0382-ac2e-47f9-9164-afd7d6adf952",
          "display": "Dr Jane Smith"
        },
        "groupIdentifier": {
          "system": "https://fhir.nhs.uk/Id/prescription-order-number",
          "value": "PDI12E-Y765908-4FF3LQ"
        },
        "courseOfTherapyType": {
          "coding": [
            {
              "system": "http://terminology.hl7.org/CodeSystem/medicationrequest-course-of-therapy",
              "code": "continuous",
              "display": "Continuous long term therapy"
            }
          ]
        },
        "authoredOn": "2022-11-13T07:20:27.000Z",
        "substitution": {
          "allowedBoolean": false
        },
        "dosageInstruction": [
          {
            "text": "One to two puffs to be inhaled as needed",
            "method": {
              "coding": [
                {
                  "system": "http://snomed.info/sct",
                  "code": "420652005",
                  "display": "Until gone"
                }
              ]
            }
          }
        ],
        "dispenseRequest": {
          "numberOfRepeatsAllowed": 6,
          "quantity": {
            "value": 1,
            "unit": "inhaler",
            "system": "http://snomed.info/sct",
            "code": "334980009"
          },
          "expectedSupplyDuration": {
            "value": 28,
            "unit": "days",
            "system": "http://unitsofmeasure.org",
            "code": "d"
          }
        }
      }
    }
  ]
}