{
  "resourceType": "MedicationRequest",
  "id": "b269d1d7-1acf-47bb-8b3c-e38b583d9a07",
  "meta": {
    "profile": [
      "https://fhir.hl7.org.uk/StructureDefinition/UKCore-MedicationRequest"
    ]
  },
  "extension": [
    {
      "url": "https://fhir.hl7.org.uk/StructureDefinition/Extension-UKCore-MedicationRepeatInformation",
      "extension": [
        {
          "url": "numberOfPrescriptionsIssued",
          "valueUnsignedInt": 1
        },
        {
          "url": "authorisationExpiryDate",
          "valueDateTime": "2023-09-10T19:00:00.000Z"
        }
      ]
    }
  ],
  "identifier": [
    {
      "system": "https://tools.ietf.org/html/rfc4122",
      "value": "42b4a841-9d69-4d13-bf91-ee5882e85765"
    }
  ],
  "status": "active",
  "intent": "plan",
  "category": [
    {
      "coding": [
        {
          "system": "http://terminology.hl7.or/CodeSystem/medicationrequest-category",
          "code": "community",
          "display": "Community"
        }
      ]
    }
  ],
  "medicationCodeableConcept": {
    "coding": [
      {
        "system": "https://dmd.nhs.uk",
        "code": "3113111000001106",
        "display": "Pulmicort 100 Turbohaler (AstraZeneca UK Ltd)"
      }
    ]
  },
  "subject": {
    "reference": "Patient/9000000009",
    "identifier": {
      "system": "https://fhir.nhs.uk/Id/nhs-number",
      "value": "9000000009"
    },
    "display": "Jane Smith"
  },
  "requester": {
    "reference": "PractitionerRole/ed313d93-f470-420f-ae4e-2b7eb91d3f45",
    "display": "Dr Jane Smith"
  },
  "groupIdentifier": {
    "system": "https://fhir.nhs.uk/Id/prescription-order-number",
    "value": "PDI12E-Y765908-4FF3LQ"
  },
  "courseOfTherapyType": {
    "coding": [
      {
        "system": "http://terminology.hl7.org/CodeSystem/medicationrequest-course-of-therapy",
        "code": "continuous",
        "display": "Continuous long term therapy"
      }
    ]
  },
  "authoredOn": "2022-10-13T16:20:27+07:00",
  "substitution": {
    "allowedBoolean": false
  },
  "dosageInstruction": [
    {
      "text": "One to two puffs to be inhaled as needed",
      "method": {
        "coding": [
          {
            "system": "http://snomed.info/sct",
            "code": "420652005",
            "display": "Until gone"
          }
        ]
      }
    }
  ],
  "dispenseRequest": {
    "numberOfRepeatsAllowed": 6,
    "quantity": {
      "value": 1,
      "unit": "inhaler",
      "system": "http://snomed.info/sct",
      "code": "334980009"
    },
    "expectedSupplyDuration": {
      "value": 28,
      "unit": "days",
      "system": "http://unitsofmeasure.org",
      "code": "d"
    },
    "performer": {
      "identifier": {
        "system": "https://fhir.nhs.uk/Id/ods-organization-code",
        "value": "Y12345"
      }
    }
  }
}