<SearchParameter xmlns="http://hl7.org/fhir">
  <id value="England-ODS-Role" />
  <url value="https://fhir.nhs.uk/England/SearchParameter/England-ODS-Role" />
  <version value="0.0.1" />
  <name value="EnglandODSRole" />
  <status value="draft" />
  <date value="2024-01-11" />
  <publisher value="NHS England" />
  <contact>
    <name value="NHS England" />
    <telecom>
      <system value="email" />
      <value value="interoperabilityteam@nhs.net" />
      <use value="work" />
      <rank value="1" />
    </telecom>
  </contact>
  <description value="SearchParameter for NHS England ODS FHIR API for querying OrganisationRole extension, roleCode sub element" />
  <code value="ods-role" />
  <base value="Organization" />
  <type value="token" />
  <expression value="Organization.extension('https://fhir.nhs.uk/England/StructureDefinition/Extension-England-OrganisationRole').extension('roleCode')" />
  <comparator value="eq" />
  <modifier value="exact" />
</SearchParameter>
