<SearchParameter xmlns="http://hl7.org/fhir">
  <id value="England-ODS-LastChangeDate" />
  <url value="https://fhir.nhs.uk/England/SearchParameter/England-ODS-LastChangeDate" />
  <version value="0.0.1" />
  <name value="EnglandODSLastChangeDate" />
  <status value="draft" />
  <date value="2024-01-11" />
  <publisher value="NHS England" />
  <contact>
    <name value="NHS England" />
    <telecom>
      <system value="email" />
      <value value="interoperabilityteam@nhs.net" />
      <use value="work" />
      <rank value="1" />
    </telecom>
  </contact>
  <description value="SearchParameter for NHS England ODS FHIR API for querying TypedDateTime extension, dateTime sub element" />
  <code value="ods-lastChangeDate" />
  <base value="Organization" />
  <base value="OrganizationAffiliation" />
  <type value="date" />
  <expression value="Organization.extension('https://fhir.nhs.uk/England/StructureDefinition/Extension-England-TypedDateTime').extension('dateTime').value | OrganizationAffiliation.extension('https://fhir.nhs.uk/England/StructureDefinition/Extension-England-TypedDateTime').extension('dateTime').value" />
  <comparator value="eq" />
  <modifier value="exact" />
</SearchParameter>
