{
  "resourceType": "MedicationRequest",
  "id": "34eb3c92-76e6-48c2-9691-aa1f0b58369b",
  "meta": {
    "profile": [
      "https://fhir.hl7.org.uk/StructureDefinition/UKCore-MedicationRequest"
    ]
  },
  "subject": {
    "reference": "Patient/UKCore-Patient-RichardSmith-Example"
  },
  "medicationCodeableConcept": {
    "coding": [
      {
        "system": "https://dmd.nhs.uk",
        "code": "19841008",
        "display": "Ceftriaxone"
      }
    ]
  },
  "reasonCode": [
        {
            "coding": [
                {
                    "system": "http://snomed.info/sct",
                    "code": "233604007",
                    "display": "Pneumonia"
                }
            ]
        }
  ],
  "dosageInstruction": [
    {
      "text": "Continuous infusion 1 gram - Intravenous - over 30 minutes - daily - for 5 days",
      "timing": {
        "repeat": {
          "boundsDuration": {
            "value": 5,
            "unit": "day",
            "system": "http://unitsofmeasure.org",
            "code": "d"
          },
          "duration": 30,
          "durationUnit": "min",
          "frequency": 1,
          "period": 1,
          "periodUnit": "d"
        }
      },
      "method": {
        "coding": [
          {
            "system": "http://snomed.info/sct",
            "code": "261754007",
            "display": "Continuous infusion"
          }
        ]
      },
      "route": {
        "coding": [
          {
            "system": "https://dmd.nhs.uk",
            "code": "47625008",
            "display": "Intravenous"
          }
        ]
      },
      "doseAndRate": [
        {
          "doseQuantity": {
            "value": 1,
            "unit": "gram",
            "system": "http://unitsofmeasure.org",
            "code": "g"
          }
        }
      ]
    }
  ]
}