<Bundle xmlns="http://hl7.org/fhir">
  <type value="message" />
  <entry>
    <fullUrl value="urn:uuid:ee6f0a35-4e84-4b75-8b22-c2111878e548" />
    <resource>
      <MessageHeader>
        <id value="ee6f0a35-4e84-4b75-8b22-c2111878e548" />
        <eventCoding>
                    <system value="http://snomed.info/sct" />
                    <code value="373784005" />
                    <display value="Dispensing medication" />
        </eventCoding>
        <source>
                    <endpoint value="https://myendpoint.nhs.uk/" />
        </source>
        <focus>
          <reference value="b74a61af-3a12-4d55-9e7a-949fff9f713a" />
          <type value="MedicationDispense" />
        </focus>
      </MessageHeader>
    </resource>
  </entry>
  <entry>
    <fullUrl value="urn:uuid:b74a61af-3a12-4d55-9e7a-949fff9f713a" />
    <resource>
      <MedicationDispense>
        <id value="b74a61af-3a12-4d55-9e7a-949fff9f713a" />
        <meta>
          <profile value="https://fhir.hl7.org.uk/StructureDefinition/UKCore-MedicationDispense" />
        </meta>
        <status value="completed" />
        <subject>
          <reference value="Patient/UKCore-Patient-RichardSmith-Example" />
        </subject>
        <medicationCodeableConcept>
          <coding>
            <system value="https://dmd.nhs.uk" />
            <code value="22102811000001100" />
            <display value="Ceftriaxone 1g/50ml infusion bags (Special Order)" />
          </coding>
        </medicationCodeableConcept>
        <authorizingPrescription>
          <reference value="34eb3c92-76e6-48c2-9691-aa1f0b58369b" />
          <type value="MedicationRequest" />
        </authorizingPrescription>
        <quantity>
          <value value="5" />
          <unit value="bag" />
          <system value="http://snomed.info/sct" />
          <code value="428672001" />
        </quantity>
        <dosageInstruction>
          <text value="Continuous infusion 1 gram - Intravenous - over 30 minutes - daily - for 5 days" />
          <timing>
            <repeat>
              <boundsDuration>
                <value value="5" />
                <unit value="day" />
                <system value="http://unitsofmeasure.org" />
                <code value="d" />
              </boundsDuration>
              <duration value="30" />
              <durationUnit value="min" />
              <frequency value="1" />
              <period value="1" />
              <periodUnit value="d" />
            </repeat>
          </timing>
          <route>
            <coding>
              <system value="https://dmd.nhs.uk" />
              <code value="47625008" />
              <display value="Intravenous" />
            </coding>
          </route>
          <method>
            <coding>
              <system value="http://snomed.info/sct" />
              <code value="261754007" />
              <display value="Continuous infusion" />
            </coding>
          </method>
          <doseAndRate>
            <doseQuantity>
              <value value="1" />
              <unit value="bag" />
              <system value="http://snomed.info/sct" />
              <code value="428672001" />
            </doseQuantity>
          </doseAndRate>
        </dosageInstruction>
      </MedicationDispense>
    </resource>
  </entry>
</Bundle>