<ImplementationGuide xmlns="http://hl7.org/fhir"><url value="/guide/ukcoreimplementationguideformedicines?version=current" /><version value="1.3.1-private-beta" /><name value="Implementation guide for interoperable medicines" /><status value="draft" /><fhirVersion value="4.0.0" /><definition><page><nameUrl value="Home.md" /><title value="Home" /><generation value="markdown" /><page><nameUrl value="Introduction.md" /><title value="Introduction" /><generation value="markdown" /><page><nameUrl value="Howtousethisimplementationguide.md" /><title value="How to use this implementation guide" /><generation value="markdown" /><page><nameUrl value="IntendedAudience.md" /><title value="Intended Audience" /><generation value="markdown" /></page><page><nameUrl value="MVPTermsused.md" /><title value="MVP Terms used" /><generation value="markdown" /></page><page><nameUrl value="ImplementationGuideFormatandStructure.md" /><title value="Implementation Guide Format and Structure" /><generation value="markdown" /></page><page><nameUrl value="Sitemap.md" /><title value="Sitemap" /><generation value="markdown" /></page></page><page><nameUrl value="ReleaseNotes-duplicate-2.md" /><title value="Release Notes" /><generation value="markdown" /><page><nameUrl value="1.3.6-private-beta.md" /><title value="1.3.6-private-beta" /><generation value="markdown" /></page><page><nameUrl value="1.3.5-private-beta.md" /><title value="1.3.5-private-beta" /><generation value="markdown" /></page><page><nameUrl value="1.3.4-private-beta.md" /><title value="1.3.4-private-beta" /><generation value="markdown" /></page><page><nameUrl value="1.3.3-private-beta.md" /><title value="1.3.3-private-beta" /><generation value="markdown" /></page><page><nameUrl value="1.3.2-private-beta.md" /><title value="1.3.2-private-beta" /><generation value="markdown" /></page><page><nameUrl value="1.3.1-private-beta.md" /><title value="1.3.1-private-beta" /><generation value="markdown" /></page><page><nameUrl value="1.3.0-private-beta.md" /><title value="1.3.0-private-beta" /><generation value="markdown" /></page><page><nameUrl value="1.2.0-private-beta.md" /><title value="1.2.0-private-beta" /><generation value="markdown" /></page><page><nameUrl value="1.1.0-private-beta.md" /><title value="1.1.0-private-beta" /><generation value="markdown" /></page><page><nameUrl value="1.0.0-discovery.md" /><title value="1.0.0-discovery" /><generation value="markdown" /></page></page><page><nameUrl value="GuideVersioning-duplicate-2.md" /><title value="Guide Versioning" /><generation value="markdown" /><page><nameUrl value="SemanticVersioning.md" /><title value="Semantic Versioning" /><generation value="markdown" /></page><page><nameUrl value="ReleaseLabels.md" /><title value="Release Labels" /><generation value="markdown" /></page></page><page><nameUrl value="Glossary.md" /><title value="Glossary" /><generation value="markdown" /><page><nameUrl value="PrescribingPMRePMASystems.md" /><title value="Prescribing / PMR / ePMA Systems" /><generation value="markdown" /></page><page><nameUrl value="DispensingPharmacySystems-duplicate-2.md" /><title value="Dispensing / Pharmacy Systems" /><generation value="markdown" /></page><page><nameUrl value="DeveloperTerms.md" /><title value="Developer Terms" /><generation value="markdown" /></page><page><nameUrl value="Abbreviations.md" /><title value="Abbreviations" /><generation value="markdown" /></page></page></page><page><nameUrl value="FHIRAssets.md" /><title value="FHIR Assets" /><generation value="markdown" /><page><nameUrl value="ElementDosage-duplicate-3.md" /><title value="Element: Dosage" /><generation value="markdown" /><page><nameUrl value="sequence.md" /><title value="sequence" /><generation value="markdown" /></page><page><nameUrl value="text.md" /><title value="text" /><generation value="markdown" /></page><page><nameUrl value="additionalInstruction.md" /><title value="additionalInstruction" /><generation value="markdown" /></page><page><nameUrl value="patientInstruction.md" /><title value="patientInstruction" /><generation value="markdown" /></page><page><nameUrl value="timingdurationboundsandcount.md" /><title value="timing: duration, bounds and count" /><generation value="markdown" /></page><page><nameUrl value="timingwhenoffsetdayofWeektimeOfDayeventandcode.md" /><title value="timing: when, offset, dayofWeek, timeOfDay, event and code" /><generation value="markdown" /></page><page><nameUrl value="timingfrequencyandperiod.md" /><title value="timing: frequency and period" /><generation value="markdown" /></page><page><nameUrl value="asNeeded.md" /><title value="asNeeded" /><generation value="markdown" /></page><page><nameUrl value="site.md" /><title value="site" /><generation value="markdown" /></page><page><nameUrl value="route.md" /><title value="route" /><generation value="markdown" /></page><page><nameUrl value="method.md" /><title value="method" /><generation value="markdown" /></page><page><nameUrl value="doseAndRate.md" /><title value="doseAndRate" /><generation value="markdown" /></page><page><nameUrl value="maxDosePer.md" /><title value="maxDosePer" /><generation value="markdown" /></page></page><page><nameUrl value="ProfileOperationOutcome.md" /><title value="Profile: OperationOutcome" /><generation value="markdown" /><page><nameUrl value="Malformedrequesterrors.md" /><title value="Malformed request errors" /><generation value="markdown" /></page><page><nameUrl value="Resourcevalidationerrors.md" /><title value="Resource validation errors" /><generation value="markdown" /></page><page><nameUrl value="Duplicateerrors.md" /><title value="Duplicate errors" /><generation value="markdown" /></page><page><nameUrl value="Securityvalidationerrors.md" /><title value="Security validation errors" /><generation value="markdown" /></page><page><nameUrl value="Identityvalidationerrors.md" /><title value="Identity validation errors" /><generation value="markdown" /></page><page><nameUrl value="Internalservererrors.md" /><title value="Internal server errors" /><generation value="markdown" /></page></page><page><nameUrl value="Extensions.md" /><title value="Extensions" /><generation value="markdown" /></page><page><nameUrl value="CodeSystems.md" /><title value="CodeSystems" /><generation value="markdown" /><page><nameUrl value="NHSdmd.md" /><title value="NHS dm+d" /><generation value="markdown" /></page><page><nameUrl value="SNOMED-CT.md" /><title value="SNOMED-CT" /><generation value="markdown" /></page><page><nameUrl value="UnitsofMeasure.md" /><title value="Units of Measure" /><generation value="markdown" /></page></page><page><nameUrl value="ValueSets.md" /><title value="ValueSets" /><generation value="markdown" /></page><page><nameUrl value="SearchParameters.md" /><title value="SearchParameters" /><generation value="markdown" /></page></page><page><nameUrl value="Design.md" /><title value="Design" /><generation value="markdown" /><page><nameUrl value="DesignOverview.md" /><title value="Design Overview" /><generation value="markdown" /></page><page><nameUrl value="NHSDictionaryofMedicinesandDevicesdmd.md" /><title value="NHS Dictionary of Medicines and Devices (dm+d)" /><generation value="markdown" /></page><page><nameUrl value="MedicationsDataUseCases.md" /><title value="Medications Data Use Cases" /><generation value="markdown" /><page><nameUrl value="QueryforCurrentMedication.md" /><title value="Query for 'Current' Medication" /><generation value="markdown" /></page><page><nameUrl value="SupplyofMedication.md" /><title value="Supply of Medication" /><generation value="markdown" /></page><page><nameUrl value="MedicationsonAdmission.md" /><title value="Medications on Admission" /><generation value="markdown" /></page><page><nameUrl value="MedicationsonDischarge.md" /><title value="Medications on Discharge" /><generation value="markdown" /></page><page><nameUrl value="HospitalTransfer.md" /><title value="Hospital Transfer" /><generation value="markdown" /></page></page><page><nameUrl value="ReferenceArchitectures-duplicate-2.md" /><title value="Reference Architectures" /><generation value="markdown" /><page><nameUrl value="Point-to-Point-Messaging.md" /><title value="Point-to-Point Messaging" /><generation value="markdown" /></page><page><nameUrl value="Shared-Record-Platforms.md" /><title value="Shared Record Platforms" /><generation value="markdown" /></page><page><nameUrl value="Persisted-Copy-Shared-Record.md" /><title value="Persisted Copy Shared Record" /><generation value="markdown" /></page><page><nameUrl value="Persisted-Single-and-Only-Shared-Record.md" /><title value="Persisted Single and Only Shared Record" /><generation value="markdown" /></page><page><nameUrl value="Federated-Shared-Record.md" /><title value="Federated Shared Record" /><generation value="markdown" /></page><page><nameUrl value="Persisted-Patient-Centric-Shared-Record.md" /><title value="Persisted Patient-Centric Shared Record" /><generation value="markdown" /></page><page><nameUrl value="Hybrid-Architecture-Shared-Record.md" /><title value="Hybrid Architecture Shared Record" /><generation value="markdown" /></page><page><nameUrl value="Shared-Record-Maturity-Roadmap.md" /><title value="Shared Record Maturity Roadmap" /><generation value="markdown" /></page></page><page><nameUrl value="KnownDosageStructureLimitations.md" /><title value="Known Dosage Structure Limitations" /><generation value="markdown" /><page><nameUrl value="1.Combinationpackinstructions.md" /><title value="1. Combination pack instructions" /><generation value="markdown" /></page><page><nameUrl value="2.Maximumdosepercourse.md" /><title value="2. Maximum dose per course" /><generation value="markdown" /></page><page><nameUrl value="3.Periodsofnomedicineadministration.md" /><title value="3. Periods of no medicine administration" /><generation value="markdown" /></page><page><nameUrl value="4.Instructionsforaspecificdevice.md" /><title value="4. Instructions for a specific device" /><generation value="markdown" /></page><page><nameUrl value="5.RESOLVEDSpecifyingaTradeFamilyBrand.md" /><title value="5. RESOLVED: Specifying a Trade Family / Brand" /><generation value="markdown" /></page></page><page><nameUrl value="InfusionsGuidance.md" /><title value="Infusions Guidance" /><generation value="markdown" /></page><page><nameUrl value="Clinical-Trial-Medication.md" /><title value="Clinical Trial Medication" /><generation value="markdown" /></page></page><page><nameUrl value="Build.md" /><title value="Build" /><generation value="markdown" /><page><nameUrl value="PathToLiveProcess.md" /><title value="Path To Live Process" /><generation value="markdown" /></page><page><nameUrl value="Interactions.md" /><title value="Interactions" /><generation value="markdown" /><page><nameUrl value="Create.md" /><title value="Create" /><generation value="markdown" /></page><page><nameUrl value="Read.md" /><title value="Read" /><generation value="markdown" /></page><page><nameUrl value="Search.md" /><title value="Search" /><generation value="markdown" /></page></page><page><nameUrl value="ReferencingFHIRResources.md" /><title value="Referencing FHIR Resources" /><generation value="markdown" /><page><nameUrl value="URLtoaFHIRserver.md" /><title value="URL to a FHIR server" /><generation value="markdown" /></page><page><nameUrl value="IdentifierwithintheBundle.md" /><title value="Identifier within the Bundle" /><generation value="markdown" /></page><page><nameUrl value="Identifiertocontainedresource.md" /><title value="Identifier to contained resource" /><generation value="markdown" /></page></page><page><nameUrl value="Self-AssuranceGuidance.md" /><title value="Self-Assurance Guidance" /><generation value="markdown" /><page><nameUrl value="HowtoaccesstheFHIRsupporttesttool.md" /><title value="How to access the FHIR support test tool" /><generation value="markdown" /></page><page><nameUrl value="Step1RequestaccesstoOpenTest.md" /><title value="Step 1: Request access to OpenTest" /><generation value="markdown" /></page><page><nameUrl value="Step2DownloadOpenVPNCommunity.md" /><title value="Step 2: Download OpenVPN Community" /><generation value="markdown" /></page><page><nameUrl value="Step3ImporttheOpenVPNConfiguration.md" /><title value="Step 3: Import the OpenVPN Configuration" /><generation value="markdown" /></page><page><nameUrl value="Step4ConnecttoOpenTest.md" /><title value="Step 4: Connect to OpenTest" /><generation value="markdown" /></page><page><nameUrl value="Step5DownloadanAPIclient.md" /><title value="Step 5: Download an API client" /><generation value="markdown" /></page><page><nameUrl value="Step6SendFHIRtotheassurancetool.md" /><title value="Step 6: Send FHIR to the assurance tool" /><generation value="markdown" /></page><page><nameUrl value="Step7Theconformancereport.md" /><title value="Step 7: The conformance report" /><generation value="markdown" /></page></page><page><nameUrl value="DosetoProductTranslation.md" /><title value="Dose to Product Translation" /><generation value="markdown" /><page><nameUrl value="TranslationProcess.md" /><title value="Translation Process" /><generation value="markdown" /></page><page><nameUrl value="DataRequirements.md" /><title value="Data Requirements" /><generation value="markdown" /></page><page><nameUrl value="DetailedLogicforStep1.md" /><title value="Detailed Logic for Step 1" /><generation value="markdown" /></page><page><nameUrl value="DetailedLogicforStep2.md" /><title value="Detailed Logic for Step 2" /><generation value="markdown" /></page><page><nameUrl value="DetailedLogicforStep3.md" /><title value="Detailed Logic for Step 3" /><generation value="markdown" /></page><page><nameUrl value="WorkedExamples.md" /><title value="Worked Examples" /><generation value="markdown" /></page><page><nameUrl value="KnownIssues.md" /><title value="Known Issues" /><generation value="markdown" /></page></page><page><nameUrl value="ProducttoDoseTranslation.md" /><title value="Product to Dose Translation" /><generation value="markdown" /></page><page><nameUrl value="DosetoTextTranslation.md" /><title value="Dose to Text Translation" /><generation value="markdown" /><page><nameUrl value="ResearchReferences.md" /><title value="Research References" /><generation value="markdown" /></page><page><nameUrl value="CommonPrinciples.md" /><title value="Common Principles" /><generation value="markdown" /></page><page><nameUrl value="ComponentPartSeparator.md" /><title value="Component Part Separator" /><generation value="markdown" /></page><page><nameUrl value="LogicalDisplayOrder.md" /><title value="Logical Display Order" /><generation value="markdown" /></page><page><nameUrl value="TranslationLogicMedication.md" /><title value="Translation Logic: Medication" /><generation value="markdown" /></page><page><nameUrl value="TranslationLogicDosage.md" /><title value="Translation Logic: Dosage" /><generation value="markdown" /></page><page><nameUrl value="Open-Source---Test-Tool.md" /><title value="Open Source &amp; Test Tool" /><generation value="markdown" /></page></page></page><page><nameUrl value="Examples.md" /><title value="Examples" /><generation value="markdown" /><page><nameUrl value="InpatientRe-supplyAnneTeak.md" /><title value="Inpatient Re-supply / Anne Teak" /><generation value="markdown" /><page><nameUrl value="Example1MedicationRequest.md" /><title value="Example 1: MedicationRequest" /><generation value="markdown" /></page><page><nameUrl value="Example2MedicationDispense.md" /><title value="Example 2: MedicationDispense" /><generation value="markdown" /></page></page><page><nameUrl value="InpatientOnLeaveTobyLerone.md" /><title value="Inpatient On Leave / Toby Lerone" /><generation value="markdown" /><page><nameUrl value="Example1MedicationRequest-duplicate-2.md" /><title value="Example 1: MedicationRequest" /><generation value="markdown" /></page><page><nameUrl value="Example2MedicationDispense-duplicate-2.md" /><title value="Example 2: MedicationDispense" /><generation value="markdown" /></page></page><page><nameUrl value="InpatientDischargePaigeTurner.md" /><title value="Inpatient Discharge / Paige Turner" /><generation value="markdown" /><page><nameUrl value="Example1MedicationRequest-duplicate-3.md" /><title value="Example 1: MedicationRequest" /><generation value="markdown" /></page><page><nameUrl value="Example2MedicationDispense-duplicate-3.md" /><title value="Example 2: MedicationDispense" /><generation value="markdown" /></page></page><page><nameUrl value="OutpatientDischargeCarrieOakey.md" /><title value="Outpatient Discharge / Carrie Oakey" /><generation value="markdown" /><page><nameUrl value="Example1MedicationRequest-duplicate-4.md" /><title value="Example 1: MedicationRequest" /><generation value="markdown" /></page><page><nameUrl value="Example2MedicationDispense-duplicate-4.md" /><title value="Example 2: MedicationDispense" /><generation value="markdown" /></page></page><page><nameUrl value="OutpatientScottChegg.md" /><title value="Outpatient / Scott Chegg" /><generation value="markdown" /><page><nameUrl value="Example1MedicationRequest-duplicate-5.md" /><title value="Example 1: MedicationRequest" /><generation value="markdown" /></page><page><nameUrl value="Example2MedicationDispense-duplicate-5.md" /><title value="Example 2: MedicationDispense" /><generation value="markdown" /></page></page><page><nameUrl value="Self-DeclaredJustinThyme.md" /><title value="Self-Declared / Justin Thyme" /><generation value="markdown" /><page><nameUrl value="Example1MediationStatement.md" /><title value="Example 1: MediationStatement" /><generation value="markdown" /></page></page><page><nameUrl value="HospitalTransferCedeepLaya.md" /><title value="Hospital Transfer / Cedeep Laya" /><generation value="markdown" /><page><nameUrl value="Example1MedicationStatement.md" /><title value="Example 1: MedicationStatement" /><generation value="markdown" /></page><page><nameUrl value="Example2MedicationStatement.md" /><title value="Example 2: MedicationStatement" /><generation value="markdown" /></page></page><page><nameUrl value="AdmissionDischargeandchangeinMedicationChrisPacket.md" /><title value="Admission, Discharge and change in Medication / Chris Packet" /><generation value="markdown" /><page><nameUrl value="Example1GPMedicationStatement.md" /><title value="Example 1: GP MedicationStatement" /><generation value="markdown" /></page><page><nameUrl value="Example2InpatientMedicationRequest.md" /><title value="Example 2: Inpatient MedicationRequest" /><generation value="markdown" /></page><page><nameUrl value="Example3InpatientMedicationDispense.md" /><title value="Example 3: Inpatient MedicationDispense" /><generation value="markdown" /></page><page><nameUrl value="Example4DischargeMedicationRequest.md" /><title value="Example 4: Discharge MedicationRequest" /><generation value="markdown" /></page><page><nameUrl value="Example5DischargeMedicationDispense.md" /><title value="Example 5: Discharge MedicationDispense" /><generation value="markdown" /></page><page><nameUrl value="Example6DischargeMedicationStatement.md" /><title value="Example 6: Discharge MedicationStatement" /><generation value="markdown" /></page><page><nameUrl value="Example7GPMedicationStatement.md" /><title value="Example 7: GP MedicationStatement" /><generation value="markdown" /></page></page><page><nameUrl value="DosageExamples-Fullycoded-duplicate-2.md" /><title value="Dosage Examples - Fully coded" /><generation value="markdown" /><page><nameUrl value="Aspirindispersibletablets.md" /><title value="Aspirin dispersible tablets" /><generation value="markdown" /></page><page><nameUrl value="Aspirinsuppository.md" /><title value="Aspirin suppository" /><generation value="markdown" /></page><page><nameUrl value="Beclometasonecream.md" /><title value="Beclometasone cream" /><generation value="markdown" /></page><page><nameUrl value="Co-trimoxazoletablets.md" /><title value="Co-trimoxazole tablets" /><generation value="markdown" /></page><page><nameUrl value="Diprobaseointment.md" /><title value="Diprobase ointment" /><generation value="markdown" /></page><page><nameUrl value="Epoetinalfasubcutaneousinjection.md" /><title value="Epoetin alfa subcutaneous injection" /><generation value="markdown" /></page><page><nameUrl value="Furosemidetablets.md" /><title value="Furosemide tablets" /><generation value="markdown" /></page><page><nameUrl value="Glucoseinfusion.md" /><title value="Glucose infusion" /><generation value="markdown" /></page><page><nameUrl value="Hydroxocobalaminsolutionforinjection.md" /><title value="Hydroxocobalamin solution for injection" /><generation value="markdown" /></page><page><nameUrl value="Ibuprofen.md" /><title value="Ibuprofen" /><generation value="markdown" /></page><page><nameUrl value="Insulinlisprosubcutaneousinjection.md" /><title value="Insulin lispro subcutaneous injection" /><generation value="markdown" /></page><page><nameUrl value="Levothyroxine.md" /><title value="Levothyroxine" /><generation value="markdown" /></page><page><nameUrl value="Loperamidecapsules.md" /><title value="Loperamide capsules" /><generation value="markdown" /></page><page><nameUrl value="Metformintablets.md" /><title value="Metformin tablets" /><generation value="markdown" /></page><page><nameUrl value="Metoclopramide.md" /><title value="Metoclopramide" /><generation value="markdown" /></page><page><nameUrl value="Morphoneintravenousinjection.md" /><title value="Morphone intravenous injection" /><generation value="markdown" /></page><page><nameUrl value="Morphinemodifiedreleasecapsules.md" /><title value="Morphine modified release capsules" /><generation value="markdown" /></page><page><nameUrl value="Omeprazolegastro-resistant.md" /><title value="Omeprazole gastro-resistant" /><generation value="markdown" /></page><page><nameUrl value="Oxytetracycline.md" /><title value="Oxytetracycline" /><generation value="markdown" /></page><page><nameUrl value="Prednisolonetablets.md" /><title value="Prednisolone tablets" /><generation value="markdown" /></page><page><nameUrl value="Simvastatin.md" /><title value="Simvastatin" /><generation value="markdown" /></page><page><nameUrl value="SodiumcitrateMicralaxMicro-enema.md" /><title value="Sodium citrate / Micralax Micro-enema" /><generation value="markdown" /></page><page><nameUrl value="Timololeyedrops.md" /><title value="Timolol eye drops" /><generation value="markdown" /></page><page><nameUrl value="Trimethoprim.md" /><title value="Trimethoprim" /><generation value="markdown" /></page><page><nameUrl value="Voluveninfusion.md" /><title value="Voluven infusion" /><generation value="markdown" /></page><page><nameUrl value="Zoladeximplant.md" /><title value="Zoladex implant" /><generation value="markdown" /></page><page><nameUrl value="Zopiclonetablets.md" /><title value="Zopiclone tablets" /><generation value="markdown" /></page></page><page><nameUrl value="DosageExamples-Wherefree-textinstructionsarerequired.md" /><title value="Dosage Examples - Where free-text instructions are required" /><generation value="markdown" /><page><nameUrl value="Avloclortablets.md" /><title value="Avloclor tablets" /><generation value="markdown" /></page><page><nameUrl value="Co-codamoltablets.md" /><title value="Co-codamol tablets" /><generation value="markdown" /></page><page><nameUrl value="Colchicinetablets.md" /><title value="Colchicine tablets" /><generation value="markdown" /></page><page><nameUrl value="Eprexsolutionforinjectionpre-filledsyringes.md" /><title value="Eprex solution for injection pre-filled syringes" /><generation value="markdown" /></page><page><nameUrl value="Hydrocortisonecream.md" /><title value="Hydrocortisone cream" /><generation value="markdown" /></page><page><nameUrl value="Hyoscinetransdermalpatches.md" /><title value="Hyoscine transdermal patches" /><generation value="markdown" /></page><page><nameUrl value="Microgynontablets.md" /><title value="Microgynon tablets" /><generation value="markdown" /></page><page><nameUrl value="Migralevetablets.md" /><title value="Migraleve tablets" /><generation value="markdown" /></page><page><nameUrl value="Morphinebolus.md" /><title value="Morphine bolus" /><generation value="markdown" /></page><page><nameUrl value="NovoRapidPenfillsolutionforinjection.md" /><title value="NovoRapid Penfill solution for injection" /><generation value="markdown" /></page><page><nameUrl value="Oxygenbyinhalationvianasalcannula.md" /><title value="Oxygen by inhalation via nasal cannula" /><generation value="markdown" /></page><page><nameUrl value="Permitabstablets.md" /><title value="Permitabs tablets" /><generation value="markdown" /></page><page><nameUrl value="Phenoxymethylpenicillintablets.md" /><title value="Phenoxymethylpenicillin tablets" /><generation value="markdown" /></page><page><nameUrl value="Salbutamolviaanebuliser.md" /><title value="Salbutamol via a nebuliser" /><generation value="markdown" /></page><page><nameUrl value="Salbutamolusingthemetereddosedevice.md" /><title value="Salbutamol using the metered dose device" /><generation value="markdown" /></page><page><nameUrl value="Sumatriptan.md" /><title value="Sumatriptan" /><generation value="markdown" /></page></page><page><nameUrl value="DosageExamples-Infusions.md" /><title value="Dosage Examples - Infusions" /><generation value="markdown" /><page><nameUrl value="Ceftriaxonecontinuousinfusion.md" /><title value="Ceftriaxone continuous infusion" /><generation value="markdown" /></page><page><nameUrl value="Chlorphenaminesinglebolusinfusion.md" /><title value="Chlorphenamine single bolus infusion" /><generation value="markdown" /></page><page><nameUrl value="CalciumGluconatecontinuousinfusion.md" /><title value="Calcium Gluconate continuous infusion" /><generation value="markdown" /></page><page><nameUrl value="Co-amoxiclavcontinuousinfusion.md" /><title value="Co-amoxiclav continuous infusion" /><generation value="markdown" /></page><page><nameUrl value="Heparin-infusion.md" /><title value="Heparin infusion" /><generation value="markdown" /></page></page><page><nameUrl value="Order-Sentences---Dose-Strings-Examples---Excel-format.md" /><title value="Order Sentences &amp; Dose Strings Examples - Excel format" /><generation value="markdown" /></page></page><page><nameUrl value="Downloads.md" /><title value="Downloads" /><generation value="markdown" /></page><page><nameUrl value="HelpandSupport.md" /><title value="Help and Support" /><generation value="markdown" /></page></page></definition></ImplementationGuide>