<MedicationRequest xmlns="http://hl7.org/fhir">
  <id value="c4f1f082-75b2-4642-b1da-df15868467d6" />
  <meta>
    <profile value="https://fhir.hl7.org.uk/StructureDefinition/UKCore-MedicationRequest" />
  </meta>
  <status value="active" />
  <intent value="order" />
  <category>
    <coding>
      <system value="http://terminology.hl7.org/CodeSystem/medicationrequest-category" />
      <code value="inpatient" />
      <display value="inpatient" />
    </coding>
  </category>
  <medicationCodeableConcept>
    <coding>
      <system value="https://dmd.nhs.uk" />
      <code value="91143003" />
      <display value="Salbutamol" />
    </coding>
  </medicationCodeableConcept>
  <subject>
    <identifier>
      <system value="https://fhir.nhs.uk/Id/nhs-number" />
      <value value="9999999999" />
    </identifier>
  </subject>
  <authoredOn value="2020-05-15T15:00:00Z" />
  <requester>
    <reference value="urn:staff-1112" />
    <display value="Dr Maikeu Well" />
  </requester>
  <recorder>
    <reference value="urn:staff-1112" />
    <display value="Dr Maikeu Well" />
  </recorder>
  <dosageInstruction>
    <text value="Nebulise - 5 milligram - every 20 to 30 minutes - Inhalation - as required" />
    <timing>
      <repeat>
        <frequency value="1" />
        <period value="20" />
        <periodMax value="30" />
        <periodUnit value="min" />
      </repeat>
    </timing>
    <asNeededBoolean value="true" />
    <route>
      <coding>
        <system value="http://snomed.info/sct" />
        <code value="18679011000001101" />
        <display value="Inhalation" />
      </coding>
    </route>
    <method>
      <coding>
        <system value="http://snomed.info/sct" />
        <code value="71791000001107" />
        <display value="Nebulise" />
      </coding>
    </method>
    <doseAndRate>
      <doseQuantity>
        <value value="5" />
        <unit value="milligram" />
        <system value="http://unitsofmeasure.org" />
        <code value="mg" />
      </doseQuantity>
    </doseAndRate>
  </dosageInstruction>
  <substitution>
    <allowedBoolean value="false" />
  </substitution>
</MedicationRequest>