<MedicationRequest xmlns="http://hl7.org/fhir">
  <id value="cec8f082-4c5b-4ccd-9187-c066c8057498" />
  <meta>
        <profile value="https://fhir.hl7.org.uk/StructureDefinition/UKCore-MedicationRequest" />
    </meta>
  <contained>
    <Medication>
      <id value="med1" />
      <code>
        <coding>
          <system value="https://dmd.nhs.uk" />
          <code value="73572009" />
          <display value="Morphine" />
        </coding>
      </code>
      <form>
        <coding>
          <system value="http://snomed.info/sct" />
          <code value="385054002" />
          <display value="Modified-release capsule" />
        </coding>
      </form>
    </Medication>
  </contained>
  <status value="active" />
  <intent value="order" />
  <category>
    <coding>
      <system value="http://terminology.hl7.org/CodeSystem/medicationrequest-category" />
      <code value="outpatient" />
      <display value="outpatient" />
    </coding>
  </category>
  <medicationReference>
    <reference value="#med1" />
  </medicationReference>
  <subject>
    <identifier>
      <system value="https://fhir.nhs.uk/Id/nhs-number" />
      <value value="9999999999" />
    </identifier>
  </subject>
  <authoredOn value="2020-05-15T15:00:00Z" />
  <requester>
    <reference value="urn:staff-1112" />
    <display value="Dr Maikeu Well" />
  </requester>
  <recorder>
    <reference value="urn:staff-1112" />
    <display value="Dr Maikeu Well" />
  </recorder>
  <dosageInstruction>
  <text value="20 milligram - every 12 hours - oral"/>
    <timing>
      <repeat>
        <frequency value="1" />
        <period value="12" />
        <periodUnit value="h" />
      </repeat>
    </timing>
    <route>
      <coding>
        <system value="http://snomed.info/sct" />
        <code value="26643006" />
        <display value="oral" />
      </coding>
    </route>
    <doseAndRate>
      <doseQuantity>
        <value value="20" />
        <unit value="milligram" />
        <system value="http://unitsofmeasure.org" />
        <code value="mg" />
      </doseQuantity>
    </doseAndRate>
  </dosageInstruction>
  <substitution>
    <allowedBoolean value="false" />
  </substitution>
</MedicationRequest>