<MedicationRequest
	xmlns="http://hl7.org/fhir">
	<id value="d4b05cfb-d444-4490-824a-67c55596c610" />
	<meta>
		<profile value="https://fhir.hl7.org.uk/StructureDefinition/UKCore-MedicationRequest" />
	</meta>
	<status value="active" />
	<intent value="order" />
	<category>
		<coding>
			<system value="http://terminology.hl7.org/CodeSystem/medicationrequest-category" />
			<code value="inpatient" />
			<display value="inpatient" />
		</coding>
	</category>
	<medicationCodeableConcept>
		<coding>
			<system value="https://dmd.nhs.uk" />
			<code value="42111000001107" />
			<display value="Microgynon 30 tablets (Bayer Plc)" />
		</coding>
	</medicationCodeableConcept>
	<subject>
		<identifier>
			<system value="https://fhir.nhs.uk/Id/nhs-number" />
			<value value="9999999999" />
		</identifier>
	</subject>
	<authoredOn value="2020-05-15T15:00:00Z" />
	<requester>
		<reference value="urn:staff-1112" />
		<display value="Dr Maikeu Well" />
	</requester>
	<recorder>
		<reference value="urn:staff-1112" />
		<display value="Dr Maikeu Well" />
	</recorder>
	<dosageInstruction>
		<text value="1 tablet - daily - for 21 days - oral" />
		<sequence value='1'/>
		<timing>
			<repeat>
				<boundsDuration>
					<value value="21" />
					<unit value="day" />
					<system value="http://unitsofmeasure.org" />
					<code value="d" />
				</boundsDuration>
				<frequency value="1" />
				<period value="1" />
				<periodUnit value="d" />
			</repeat>
		</timing>
		<route>
			<coding>
				<system value="http://snomed.info/sct" />
				<code value="26643006" />
				<display value="oral" />
			</coding>
		</route>
		<doseAndRate>
			<doseQuantity>
				<value value="1" />
				<unit value="tablet" />
				<system value="http://snomed.info/sct" />
				<code value="428673006" />
			</doseQuantity>
		</doseAndRate>
	</dosageInstruction>
	<dosageInstruction>
		<text value="0 tablet - daily - for 7 days - oral" />
		<sequence value='2'/>
		<timing>
			<repeat>
				<boundsDuration>
					<value value="7" />
					<unit value="day" />
					<system value="http://unitsofmeasure.org" />
					<code value="d" />
				</boundsDuration>
				<frequency value="1" />
				<period value="1" />
				<periodUnit value="d" />
			</repeat>
		</timing>
		<route>
			<coding>
				<system value="http://snomed.info/sct" />
				<code value="26643006" />
				<display value="oral" />
			</coding>
		</route>
		<doseAndRate>
			<doseQuantity>
				<value value="0" />
				<unit value="tablet" />
				<system value="http://snomed.info/sct" />
				<code value="428673006" />
			</doseQuantity>
		</doseAndRate>
	</dosageInstruction>
	<substitution>
		<allowedBoolean value="false" />
	</substitution>
</MedicationRequest>