<MedicationRequest xmlns="http://hl7.org/fhir">
  <id value="b31fcf06-b515-4468-92cd-ce7b13b0c256" />
  <meta>
    <profile value="https://fhir.hl7.org.uk/StructureDefinition/UKCore-MedicationRequest" />
  </meta>
  <status value="active" />
  <intent value="order" />
  <category>
    <coding>
      <system value="http://terminology.hl7.org/CodeSystem/medicationrequest-category" />
      <code value="inpatient" />
      <display value="inpatient" />
    </coding>
  </category>
  <priority value="routine" />
  <medicationCodeableConcept>
    <coding>
      <system value="https://dmd.nhs.uk" />
      <code value="322815004" />
      <display value="Sumatriptan 50mg tablets" />
    </coding>
  </medicationCodeableConcept>
  <subject>
    <identifier>
      <system value="https://fhir.nhs.uk/Id/nhs-number" />
      <value value="9999999999" />
    </identifier>
  </subject>
  <authoredOn value="2020-05-15T15:00:00Z" />
  <requester>
    <reference value="urn:staff-1112" />
    <display value="Dr Maikeu Well" />
  </requester>
  <recorder>
    <reference value="urn:staff-1112" />
    <display value="Dr Maikeu Well" />
  </recorder>
  <dosageInstruction>
    <text value="1 tablet - every 2 hours - as required for Migraine - up to a maximum of 6 tablets in 24 hours - Additional doses only to be taken after migraine recurrence" />
    <patientInstruction value="Additional doses only to be taken after migraine recurrence" />
    <timing>
      <repeat>
        <frequency value="1" />
        <period value="2" />
        <periodUnit value="h" />
      </repeat>
    </timing>
    <asNeededCodeableConcept>
      <coding>
        <system value="http://snomed.info/sct" />
        <code value="37796009" />
        <display value="Migraine" />
      </coding>
    </asNeededCodeableConcept>
    <doseAndRate>
      <doseQuantity>
        <value value="1" />
        <unit value="tablet" />
        <system value="http://snomed.info/sct" />
        <code value="428673006" />
      </doseQuantity>
    </doseAndRate>
    <maxDosePerPeriod>
      <numerator>
        <value value="6" />
        <unit value="tablet" />
        <system value="http://snomed.info/sct" />
        <code value="3317411000001100" />
      </numerator>
      <denominator>
        <value value="24" />
        <unit value="hour" />
        <system value="http://unitsofmeasure.org/" />
        <code value="h" />
      </denominator>
    </maxDosePerPeriod>
  </dosageInstruction>
  <substitution>
    <allowedBoolean value="false" />
  </substitution>
</MedicationRequest>