<MedicationRequest xmlns="http://hl7.org/fhir">
  <id value="905d34ad-ea20-4371-8bf7-5208fbf146ce" />
  <meta>
    <profile value="https://fhir.hl7.org.uk/StructureDefinition/UKCore-MedicationRequest" />
  </meta>
  <status value="active" />
  <intent value="order" />
  <category>
    <coding>
      <system value="http://terminology.hl7.org/CodeSystem/medicationrequest-category" />
      <code value="outpatient" />
      <display value="outpatient" />
    </coding>
  </category>
  <medicationCodeableConcept>
    <coding>
      <system value="https://dmd.nhs.uk" />
      <code value="824211000001107" />
      <display value="Zoladex 3.6mg implant SafeSystem pre-filled syringes (AstraZeneca UK Ltd)" />
    </coding>
  </medicationCodeableConcept>
  <subject>
    <identifier>
      <system value="https://fhir.nhs.uk/Id/nhs-number" />
      <value value="9999999999" />
    </identifier>
  </subject>
  <authoredOn value="2020-05-15T15:00:00Z" />
  <requester>
    <reference value="urn:staff-1112" />
    <display value="Dr Maikeu Well" />
  </requester>
  <recorder>
    <reference value="urn:staff-1112" />
    <display value="Dr Maikeu Well" />
  </recorder>
  <dosageInstruction>
    <text value="Inject Intramuscular route - Anterior abdominal wall structure - take once - on 01/12/2021" />
    <timing>
      <event value="2021-12-01" />
      <repeat>
        <count value="1" />
      </repeat>
    </timing>
    <site>
      <coding>
        <system value="http://snomed.info/sct" />
        <code value="59380008" />
        <display value="Anterior abdominal wall structure" />
      </coding>
    </site>
    <route>
      <coding>
        <system value="http://snomed.info/sct" />
        <code value="78421000" />
        <display value="Intramuscular route" />
      </coding>
    </route>
    <method>
      <coding>
        <system value="http://snomed.info/sct" />
        <code value="422145002" />
        <display value="Inject" />
      </coding>
    </method>
  </dosageInstruction>
  <substitution>
    <allowedBoolean value="false" />
  </substitution>
</MedicationRequest>