<MedicationRequest xmlns="http://hl7.org/fhir">
  <id value="5dcc8ffd-9838-45ed-8d31-fd20026fde4b" />
  <meta>
    <profile value="https://fhir.hl7.org.uk/StructureDefinition/UKCore-MedicationRequest" />
  </meta>
  <status value="active" />
  <intent value="order" />
  <category>
    <coding>
      <system value="http://terminology.hl7.org/CodeSystem/medicationrequest-category" />
      <code value="inpatient" />
      <display value="inpatient" />
    </coding>
  </category>
  <medicationCodeableConcept>
    <coding>
      <system value="https://dmd.nhs.uk" />
      <code value="323416001" />
      <display value="Phenoxymethylpenicillin 250mg tablets" />
    </coding>
  </medicationCodeableConcept>
  <subject>
    <identifier>
      <system value="https://fhir.nhs.uk/Id/nhs-number" />
      <value value="9999999999" />
    </identifier>
  </subject>
  <authoredOn value="2020-05-15T15:00:00Z" />
  <requester>
    <reference value="urn:staff-1112" />
    <display value="Dr Maikeu Well" />
  </requester>
  <recorder>
    <reference value="urn:staff-1112" />
    <display value="Dr Maikeu Well" />
  </recorder>
  <dosageInstruction>
    <text value="2 tablet - every 6 hours - 1 hour before a meal - oral - or on an empty stomach" />
    <additionalInstruction>
      <text value="or on an empty stomach" />
    </additionalInstruction>
    <timing>
      <repeat>
        <frequency value="1" />
        <period value="6" />
        <periodUnit value="h" />
        <when value="AC" />
        <offset value="60" />
      </repeat>
    </timing>
    <route>
      <coding>
        <system value="http://snomed.info/sct" />
        <code value="26643006" />
        <display value="oral" />
      </coding>
    </route>
    <doseAndRate>
      <doseQuantity>
        <value value="2" />
        <unit value="tablet" />
        <system value="http://snomed.info/sct" />
        <code value="428673006" />
      </doseQuantity>
    </doseAndRate>
  </dosageInstruction>
  <substitution>
    <allowedBoolean value="false" />
  </substitution>
</MedicationRequest>