<MedicationRequest xmlns="http://hl7.org/fhir">
  <id value="18a8ea33-dc5f-4fb7-985e-acc474bf97cd" />
  <meta>
    <profile value="https://fhir.hl7.org.uk/StructureDefinition/UKCore-MedicationRequest" />
  </meta>
  <status value="active" />
  <intent value="order" />
  <category>
    <coding>
      <system value="http://terminology.hl7.org/CodeSystem/medicationrequest-category" />
      <code value="community" />
      <display value="community" />
    </coding>
  </category>
  <medicationCodeableConcept>
    <coding>
      <system value="https://dmd.nhs.uk" />
      <code value="325278007" />
      <display value="Metformin 500mg tablets" />
    </coding>
  </medicationCodeableConcept>
  <subject>
    <identifier>
      <system value="https://fhir.nhs.uk/Id/nhs-number" />
      <value value="9999999999" />
    </identifier>
  </subject>
  <authoredOn value="2019-01-15T15:00:00Z" />
  <requester>
    <reference value="urn:staff-1112" />
    <display value="Dr Maikeu Well" />
  </requester>
  <recorder>
    <reference value="urn:staff-1112" />
    <display value="Dr Maikeu Well" />
  </recorder>
  <dosageInstruction>
    <sequence value="1" />
    <text value="1 tablet - once a day - at breakfast - for 1 week" />
    <timing>
      <repeat>
        <boundsDuration>
          <value value="1" />
          <unit value="week" />
          <system value="http://unitsofmeasure.org" />
          <code value="wk" />
        </boundsDuration>
        <frequency value="1" />
        <period value="1" />
        <periodUnit value="d" />
        <when value="CM" />
      </repeat>
    </timing>
    <doseAndRate>
      <doseQuantity>
        <value value="1" />
        <unit value="tablet" />
        <system value="http://snomed.info/sct" />
        <code value="428673006" />
      </doseQuantity>
    </doseAndRate>
  </dosageInstruction>
  <dosageInstruction>
    <sequence value="2" />
    <text value="1 tablet - twice a day - at breakfast and at dinner - for 1 week" />
    <timing>
      <repeat>
        <boundsDuration>
          <value value="1" />
          <unit value="week" />
          <system value="http://unitsofmeasure.org" />
          <code value="wk" />
        </boundsDuration>
        <frequency value="2" />
        <period value="1" />
        <periodUnit value="d" />
        <when value="CM" />
        <when value="CV" />
      </repeat>
    </timing>
    <doseAndRate>
      <doseQuantity>
        <value value="1" />
        <unit value="tablet" />
        <system value="http://snomed.info/sct" />
        <code value="428673006" />
      </doseQuantity>
    </doseAndRate>
  </dosageInstruction>
  <dosageInstruction>
    <sequence value="3" />
    <text value="1 tablet - 3 times a day - at breakfast, at dinner and at lunch - for 1 week - up to a maximum of 4 tablet in 1 day" />
    <timing>
      <repeat>
        <boundsDuration>
          <value value="1" />
          <unit value="week" />
          <system value="http://unitsofmeasure.org" />
          <code value="wk" />
        </boundsDuration>
        <frequency value="3" />
        <period value="1" />
        <periodUnit value="d" />
        <when value="CM" />
        <when value="CV" />
        <when value="CD" />
      </repeat>
    </timing>
    <doseAndRate>
      <doseQuantity>
        <value value="1" />
        <unit value="tablet" />
        <system value="http://snomed.info/sct" />
        <code value="428673006" />
      </doseQuantity>
    </doseAndRate>
    <maxDosePerPeriod>
      <numerator>
        <value value="4" />
        <unit value="tablet" />
        <system value="http://snomed.info/sct" />
        <code value="428673006" />
      </numerator>
      <denominator>
        <value value="1" />
        <unit value="day" />
        <system value="http://unitsofmeasure.org" />
        <code value="d" />
      </denominator>
    </maxDosePerPeriod>
  </dosageInstruction>
  <substitution>
    <allowedBoolean value="false" />
  </substitution>
</MedicationRequest>