<MedicationRequest xmlns="http://hl7.org/fhir">
  <id value="dad3ae68-f7d7-4bad-8d6d-09e114842b53" />
  <meta>
    <profile value="https://fhir.hl7.org.uk/StructureDefinition/UKCore-MedicationRequest" />
  </meta>
  <status value="active" />
  <intent value="order" />
  <category>
    <coding>
      <system value="http://terminology.hl7.org/CodeSystem/medicationrequest-category" />
      <code value="inpatient" />
      <display value="inpatient" />
    </coding>
  </category>
  <medicationCodeableConcept>
    <coding>
      <system value="https://dmd.nhs.uk" />
      <code value="3491511000001101" />
      <display value="Diprobase ointment (Bayer Plc)" />
    </coding>
  </medicationCodeableConcept>
  <subject>
    <identifier>
      <system value="https://fhir.nhs.uk/Id/nhs-number" />
      <value value="9999999999" />
    </identifier>
  </subject>
  <authoredOn value="2020-05-15T15:00:00Z" />
  <requester>
    <reference value="urn:staff-1112" />
    <display value="Dr Maikeu Well" />
  </requester>
  <recorder>
    <reference value="urn:staff-1112" />
    <display value="Dr Maikeu Well" />
  </recorder>
  <dosageInstruction>
    <text value="Apply 1 application - 3 times a day - Topical - Affected area" />
    <timing>
      <repeat>
        <frequency value="3" />
        <period value="1" />
        <periodUnit value="d" />
      </repeat>
    </timing>
    <method>
            <coding>
                <system value="http://snomed.info/sct" />
                <code value="417924000" />
                <display value="Apply" />
            </coding>
        </method>
    <route>
      <coding>
        <system value="http://snomed.info/sct" />
        <code value="6064005" />
        <display value="Topical" />
      </coding>
    </route>
    <site>
            <coding>
                <system value="http://snomed.info/sct" />
                <code value="22201000087104" />
                <display value="Affected area" />
            </coding>
        </site>
    <doseAndRate>
      <doseQuantity>
        <value value="1" />
        <unit value="application" />
        <system value="http://snomed.info/sct" />
        <code value="10692211000001108" />
      </doseQuantity>
    </doseAndRate>
  </dosageInstruction>
  <substitution>
    <allowedBoolean value="false" />
  </substitution>
</MedicationRequest>