<MedicationRequest xmlns="http://hl7.org/fhir">
  <id value="63df7dcc-fc54-4eb2-8907-b53b09115bb6" />
  <meta>
    <profile value="https://fhir.hl7.org.uk/StructureDefinition/UKCore-MedicationRequest" />
  </meta>
  <contained>
    <Medication>
      <id value="med1" />
      <code>
        <coding>
          <system value="https://dmd.nhs.uk" />
          <code value="412547001" />
          <display value="Sodium citrate" />
        </coding>
      </code>
      <form>
        <coding>
          <system value="http://snomed.info/sct" />
          <code value="385186005" />
          <display value="Enema" />
        </coding>
      </form>
    </Medication>
  </contained>
  <status value="active" />
  <intent value="order" />
  <category>
    <coding>
      <system value="http://terminology.hl7.org/CodeSystem/medicationrequest-category" />
      <code value="inpatient" />
      <display value="inpatient" />
    </coding>
  </category>
  <medicationReference>
    <reference value="#med1" />
  </medicationReference>
  <subject>
    <identifier>
      <system value="https://fhir.nhs.uk/Id/nhs-number" />
      <value value="9999999999" />
    </identifier>
  </subject>
  <authoredOn value="2020-05-15T15:00:00Z" />
  <requester>
    <reference value="urn:staff-1112" />
    <display value="Dr Maikeu Well" />
  </requester>
  <recorder>
    <reference value="urn:staff-1112" />
    <display value="Dr Maikeu Well" />
  </recorder>
  <dosageInstruction>
    <text value="Insert 450 milligram - Rectal - take once" />
    <timing>
      <repeat>
        <count value="1" />
      </repeat>
    </timing>
    <method>
            <coding>
                <system value="http://snomed.info/sct" />
                <code value="421257003" />
                <display value="Insert" />
            </coding>
        </method>
    <route>
      <coding>
        <system value="http://snomed.info/sct" />
        <code value="37161004" />
        <display value="Rectal" />
      </coding>
    </route>
    <doseAndRate>
      <doseQuantity>
        <value value="450" />
        <unit value="milligram" />
        <system value="http://unitsofmeasure.org" />
        <code value="mg" />
      </doseQuantity>
    </doseAndRate>
  </dosageInstruction>
  <substitution>
    <allowedBoolean value="false" />
  </substitution>
</MedicationRequest>