<MedicationRequest xmlns="http://hl7.org/fhir">
  <id value="6b122dc2-89b2-4f93-9139-3012f6669857" />
  <contained>
    <Medication>
      <id value="med1" />
      <text>
        <status value="generated" />
        <div xmlns="http://www.w3.org/1999/xhtml">Anhydrous Glucose 50g/1L</div>
      </text>
      <ingredient>
        <itemCodeableConcept>
          <coding>
            <system value="http://snomed.info/sct" />
            <code value="768547002" />
            <display value="Anhydrous Glucose" />
          </coding>
        </itemCodeableConcept>
      </ingredient>
      <amount>
        <numerator>
          <value value="50" />
          <unit value="gram" />
          <system value="http://unitsofmeasure.org" />
          <code value="g" />
        </numerator>
        <denominator>
          <value value="1" />
          <unit value="liter" />
          <system value="http://unitsofmeasure.org" />
          <code value="L" />
        </denominator>
      </amount>
    </Medication>
  </contained>
  <meta>
    <profile value="https://fhir.hl7.org.uk/StructureDefinition/UKCore-MedicationRequest" />
  </meta>
  <status value="active" />
  <intent value="order" />
  <category>
    <coding>
      <system value="http://terminology.hl7.org/CodeSystem/medicationrequest-category" />
      <code value="inpatient" />
      <display value="inpatient" />
    </coding>
  </category>
  <medicationReference>
    <reference value="#med1" />
  </medicationReference>
  <subject>
    <identifier>
      <system value="https://fhir.nhs.uk/Id/nhs-number" />
      <value value="9999999999" />
    </identifier>
  </subject>
  <authoredOn value="2020-05-15T15:00:00Z" />
  <requester>
    <reference value="urn:staff-1112" />
    <display value="Dr Maikeu Well" />
  </requester>
  <recorder>
    <reference value="urn:staff-1112" />
    <display value="Dr Maikeu Well" />
  </recorder>
  <dosageInstruction>
    <text value="Continuous infusion 1000 millilitre - Intravenous route - over 8 hours" />
    <timing>
      <repeat>
        <duration value="8" />
        <durationUnit value="h" />
      </repeat>
    </timing>
    <method>
      <coding>
        <system value="http://snomed.info/sct" />
        <code value="261754007" />
        <display value="Continuous infusion" />
      </coding>
    </method>
    <route>
            <coding>
                <system value="http://snomed.info/sct" />
                <code value="47625008" />
                <display value="Intravenous route" />
            </coding>
        </route>
    <doseAndRate>
      <doseQuantity>
        <value value="1000" />
        <unit value="millilitre" />
        <system value="http://unitsofmeasure.org" />
        <code value="mL" />
      </doseQuantity>
    </doseAndRate>
  </dosageInstruction>
  <substitution>
    <allowedBoolean value="false" />
  </substitution>
</MedicationRequest>