<MedicationRequest xmlns="http://hl7.org/fhir">
  <id value="18a8ea33-dc5f-4fb7-985e-acc474bf97cd" />
  <meta>
    <profile value="https://fhir.hl7.org.uk/StructureDefinition/UKCore-MedicationRequest" />
  </meta>
  <status value="active" />
  <intent value="order" />
  <category>
    <coding>
      <system value="http://terminology.hl7.org/CodeSystem/medicationrequest-category" />
      <code value="outpatient" />
      <display value="outpatient" />
    </coding>
  </category>
  <medicationCodeableConcept>
    <coding>
      <system value="https://dmd.nhs.uk" />
      <code value="35776411000001102" />
      <display value="Insulin lispro Sanofi 100units/ml solution for injection 10ml vials (Sanofi)" />
    </coding>
  </medicationCodeableConcept>
  <subject>
    <identifier>
      <system value="https://fhir.nhs.uk/Id/nhs-number" />
      <value value="9999999999" />
    </identifier>
  </subject>
  <authoredOn value="2019-01-15T15:00:00Z" />
  <requester>
    <reference value="urn:staff-1112" />
    <display value="Dr Maikeu Well" />
  </requester>
  <recorder>
    <reference value="urn:staff-1112" />
    <display value="Dr Maikeu Well" />
  </recorder>
  <dosageInstruction>
    <text value="Inject 1 vial - 3 times a day - at a meal - Subcutaneous route" />
    <method>
      <coding>
        <system value="http://snomed.info/sct" />
        <code value="422145002" />
        <display value="Inject" />
      </coding>
    </method>
    <route>
      <coding>
        <system value="http://snomed.info/sct" />
        <code value="34206005" />
        <display value="Subcutaneous route" />
      </coding>
    </route>
    <timing>
      <repeat>
        <frequency value="3" />
        <period value="1" />
        <periodUnit value="d" />
        <when value="C" />
      </repeat>
    </timing>
    <doseAndRate>
      <doseQuantity>
        <value value="1" />
        <unit value="vial" />
        <system value="http://snomed.info/sct" />
        <code value="415818006" />
      </doseQuantity>
    </doseAndRate>
  </dosageInstruction>
  <substitution>
    <allowedBoolean value="false" />
  </substitution>
</MedicationRequest>