<MedicationRequest xmlns="http://hl7.org/fhir">
  <id value="10169939-6a5b-47ae-b820-524b584eecc8" />
  <meta>
    <profile value="https://fhir.hl7.org.uk/StructureDefinition/UKCore-MedicationRequest" />
  </meta>
  <status value="active" />
  <intent value="order" />
  <category>
    <coding>
      <system value="http://terminology.hl7.org/CodeSystem/medicationrequest-category" />
      <code value="community" />
      <display value="community" />
    </coding>
  </category>
  <medicationCodeableConcept>
    <coding>
      <system value="https://dmd.nhs.uk" />
      <code value="16071011000001101" />
      <display value="Trimethoprim 100mg tablets (Bristol Laboratories Ltd)" />
    </coding>
  </medicationCodeableConcept>
  <subject>
    <identifier>
      <system value="https://fhir.nhs.uk/Id/nhs-number" />
      <value value="9999999999" />
    </identifier>
  </subject>
  <authoredOn value="2020-05-15T15:00:00Z" />
  <requester>
    <reference value="urn:staff-1112" />
    <display value="Dr Maikeu Well" />
  </requester>
  <recorder>
    <reference value="urn:staff-1112" />
    <display value="Dr Maikeu Well" />
  </recorder>
  <dosageInstruction>
    <text value="2 tablet - twice a day - for 3 days" />
    <timing>
      <repeat>
        <boundsDuration>
          <value value="3" />
          <unit value="day" />
          <system value="http://unitsofmeasure.org" />
          <code value="d" />
        </boundsDuration>
        <frequency value="2" />
        <period value="1" />
        <periodUnit value="d" />
      </repeat>
    </timing>
    <doseAndRate>
      <doseQuantity>
        <value value="2" />
        <unit value="tablet" />
        <system value="http://snomed.info/sct" />
        <code value="428673006" />
      </doseQuantity>
    </doseAndRate>
  </dosageInstruction>
  <substitution>
    <allowedBoolean value="false" />
  </substitution>
</MedicationRequest>