<MedicationRequest xmlns="http://hl7.org/fhir">
  <id value="1f4959a1-4a33-4b0e-bfad-f2ea1fccb2fa" />
  <meta>
    <profile value="https://fhir.hl7.org.uk/StructureDefinition/UKCore-MedicationRequest" />
  </meta>
  <status value="active" />
  <intent value="order" />
  <category>
    <coding>
      <system value="http://terminology.hl7.org/CodeSystem/medicationrequest-category" />
      <code value="outpatient" />
      <display value="outpatient" />
    </coding>
  </category>
  <medicationCodeableConcept>
    <coding>
      <system value="https://dmd.nhs.uk" />
      <code value="4256811000001101" />
      <display value="Permitabs 400mg tablets for cutaneous solution (Alliance Pharmaceuticals Ltd)" />
    </coding>
  </medicationCodeableConcept>
  <subject>
    <identifier>
      <system value="https://fhir.nhs.uk/Id/nhs-number" />
      <value value="9999999999" />
    </identifier>
  </subject>
  <authoredOn value="2020-05-15T15:00:00Z" />
  <requester>
    <reference value="urn:staff-3030" />
    <display value="Dr Callum Lund" />
  </requester>
  <recorder>
    <reference value="urn:staff-3030" />
    <display value="Dr Callum Lund" />
  </recorder>
  <dosageInstruction>
    <text value="Topical - Add one tablet to 500ml of warm water and dissolve. Make the resulting solution up to 8 litres and use to soak feet. Do not ingest." />
    <patientInstruction value="Add one tablet to 500ml of warm water and dissolve. Make the resulting solution up to 8 litres and use to soak feet. Do not ingest." />
    <route>
            <coding>
                <system value="http://snomed.info/sct" />
                <code value="6064005" />
                <display value="Topical" />
            </coding>
        </route>
  </dosageInstruction>
  <substitution>
    <allowedBoolean value="false" />
  </substitution>
</MedicationRequest>