<MedicationRequest xmlns="http://hl7.org/fhir">
  <id value="18a8ea33-dc5f-4fb7-985e-acc474bf97cd" />
  <meta>
    <profile value="https://fhir.hl7.org.uk/StructureDefinition/UKCore-MedicationRequest" />
  </meta>
  <status value="active" />
  <intent value="order" />
  <category>
    <coding>
      <system value="http://terminology.hl7.org/CodeSystem/medicationrequest-category" />
      <code value="outpatient" />
      <display value="outpatient" />
    </coding>
  </category>
  <medicationCodeableConcept>
    <coding>
      <system value="https://dmd.nhs.uk" />
      <code value="317378005" />
      <display value="Loperamide 2mg capsules" />
    </coding>
  </medicationCodeableConcept>
  <subject>
    <identifier>
      <system value="https://fhir.nhs.uk/Id/nhs-number" />
      <value value="9999999999" />
    </identifier>
  </subject>
  <authoredOn value="2019-01-15T15:00:00Z" />
  <requester>
    <reference value="urn:staff-1112" />
    <display value="Dr Maikeu Well" />
  </requester>
  <recorder>
    <reference value="urn:staff-1112" />
    <display value="Dr Maikeu Well" />
  </recorder>
  <dosageInstruction>
        <sequence value="1" />
        <text value="2 capsule - Now"/>
        <additionalInstruction>
            <coding>
                <system value="http://snomed.info/sct" />
                <code value="421723005" />
                <display value="Now" />
            </coding>
        </additionalInstruction>
        <doseAndRate>
          <doseQuantity>
            <value value="2" />
            <unit value="capsule" />
            <system value="http://snomed.info/sct" />
            <code value="428641000" />
          </doseQuantity>
        </doseAndRate>
  </dosageInstruction>
<dosageInstruction>
        <sequence value="2" />
                <text value="1 capsule - as required for Diarrhea - up to a maximum of 8 capsule in 1 day"/>

        <asNeededCodeableConcept>
            <coding>
                <system value="http://snomed.info/sct" />
                <code value="62315008" />
                <display value="Diarrhea" />
            </coding>
        </asNeededCodeableConcept>
        <doseAndRate>
          <doseQuantity>
            <value value="1" />
            <unit value="capsule" />
            <system value="http://snomed.info/sct" />
            <code value="428641000" />
          </doseQuantity>
        </doseAndRate>
        <maxDosePerPeriod>
            <numerator>
                <value value="8" />
                <unit value="capsule" />
                <system value="http://snomed.info/sct" />
                <code value="428641000" />
            </numerator>
            <denominator>
                <value value="1" />
                <unit value="day" />
                <system value="http://unitsofmeasure.org/" />
                <code value="d" />
            </denominator>
        </maxDosePerPeriod>
  </dosageInstruction>

  <substitution>
    <allowedBoolean value="false" />
  </substitution>
</MedicationRequest>