<MedicationRequest xmlns="http://hl7.org/fhir">
  <id value="7d0bc824-f2bf-42c6-b7f9-954e7f6bbd99" />
  <meta>
    <profile value="https://fhir.hl7.org.uk/StructureDefinition/UKCore-MedicationRequest" />
  </meta>
  <status value="active" />
  <intent value="order" />
  <category>
    <coding>
      <system value="http://terminology.hl7.org/CodeSystem/medicationrequest-category" />
      <code value="outpatient" />
      <display value="outpatient" />
    </coding>
  </category>
  <medicationCodeableConcept>
    <coding>
      <system value="https://dmd.nhs.uk" />
      <code value="11508911000001102" />
      <display value="Dermacool 1% cream (Pern Consumer Products Ltd)" />
    </coding>
  </medicationCodeableConcept>
  <subject>
    <identifier>
      <system value="https://fhir.nhs.uk/Id/nhs-number" />
      <value value="9999999999" />
    </identifier>
  </subject>
  <authoredOn value="2020-05-15T15:00:00Z" />
  <requester>
    <reference value="urn:staff-1112" />
    <display value="Dr Maikeu Well" />
  </requester>
  <recorder>
    <reference value="urn:staff-1112" />
    <display value="Dr Maikeu Well" />
  </recorder>
  <dispenseRequest>
    <quantity>
      <value value="500" />
      <unit value="gram" />
      <system value="http://unitsofmeasure.org" />
      <code value="g" />
    </quantity>
  </dispenseRequest>
  <dosageInstruction>
    <text value="Apply twice a day - Topical - Left thigh - Please supply as a pump dispenser" />
    <patientInstruction value="Apply twice a day - Topical - Left thigh - Please supply as a pump dispenser" />
    <additionalInstruction>
      <text value="Please supply as a pump dispenser" />
    </additionalInstruction>
    <timing>
      <repeat>
        <frequency value="2" />
        <period value="1" />
        <periodUnit value="d" />
      </repeat>
    </timing>
    <site>
      <coding>
        <system value="http://snomed.info/sct" />
        <code value="61396006" />
        <display value="Left thigh" />
      </coding>
    </site>
    <route>
      <coding>
        <system value="http://snomed.info/sct" />
        <code value="6064005" />
        <display value="Topical" />
      </coding>
    </route>
    <method>
      <coding>
        <system value="http://snomed.info/sct" />
        <code value="417924000" />
        <display value="Apply" />
      </coding>
    </method>
  </dosageInstruction>
  <substitution>
    <allowedBoolean value="false" />
  </substitution>
</MedicationRequest>