<MedicationRequest xmlns="http://hl7.org/fhir">
  <id value="18a8ea33-dc5f-4fb7-985e-acc474bf97cd" />
  <meta>
    <profile value="https://fhir.hl7.org.uk/StructureDefinition/UKCore-MedicationRequest" />
  </meta>
  <status value="active" />
  <intent value="order" />
  <category>
    <coding>
      <system value="http://terminology.hl7.org/CodeSystem/medicationrequest-category" />
      <code value="outpatient" />
      <display value="outpatient" />
    </coding>
  </category>
  <medicationCodeableConcept>
    <coding>
      <system value="https://dmd.nhs.uk" />
      <code value="329526003" />
      <display value="Aspirin 300mg dispersible tablets" />
    </coding>
  </medicationCodeableConcept>
  <subject>
    <identifier>
      <system value="https://fhir.nhs.uk/Id/nhs-number" />
      <value value="9999999999" />
    </identifier>
  </subject>
  <authoredOn value="2019-01-15T15:00:00Z" />
  <requester>
    <reference value="urn:staff-1112" />
    <display value="Dr Maikeu Well" />
  </requester>
  <recorder>
    <reference value="urn:staff-1112" />
    <display value="Dr Maikeu Well" />
  </recorder>
  <dosageInstruction>
    <text value="2 tablet - 4 times a day - at a meal - Dissolve or mix with water before taking - up to a maximum of 3.6 gram in 24 hours" />
    <additionalInstruction>
      <coding>
        <system value="http://snomed.info/sct" />
        <code value="417995008" />
        <display value="Dissolve or mix with water before taking" />
      </coding>
    </additionalInstruction>
    <timing>
      <repeat>
        <frequency value="4" />
        <period value="1" />
        <periodUnit value="d" />
        <when value="C" />
      </repeat>
    </timing>
    <doseAndRate>
      <doseQuantity>
        <value value="2" />
        <unit value="tablet" />
        <system value="http://snomed.info/sct" />
        <code value="428673006" />
      </doseQuantity>
    </doseAndRate>
    <maxDosePerPeriod>
            <numerator>
                <value value="3.6" />
                <unit value="gram" />
                <system value="http://unitsofmeasure.org" />
                <code value="g" />
            </numerator>
            <denominator>
                <value value="24" />
                <unit value="hour" />
                <system value="http://unitsofmeasure.org" />
                <code value="h" />
            </denominator>
        </maxDosePerPeriod>
  </dosageInstruction>
  <substitution>
    <allowedBoolean value="false" />
  </substitution>
</MedicationRequest>