<MedicationRequest xmlns="http://hl7.org/fhir">
  <id value="e8534d74-1b23-4a1a-90dd-04c71dad2f5f" />
  <meta>
        <profile value="https://fhir.hl7.org.uk/StructureDefinition/UKCore-MedicationRequest" />
    </meta>
  <status value="active" />
  <intent value="order" />
  <category>
    <coding>
      <system value="http://terminology.hl7.org/CodeSystem/medicationrequest-category" />
      <code value="inpatient" />
      <display value="inpatient" />
    </coding>
  </category>
  <medicationCodeableConcept>
        <coding>
            <system value="https://dmd.nhs.uk" />
            <code value="496811000001108" />
            <display value="Timolol 0.1% gel eye drops" />
        </coding>
    </medicationCodeableConcept>
  <subject>
    <identifier>
      <system value="https://fhir.nhs.uk/Id/nhs-number" />
      <value value="9999999999" />
    </identifier>
  </subject>
  <authoredOn value="2020-05-15T15:00:00Z" />
  <requester>
    <reference value="urn:staff-1112" />
    <display value="Dr Maikeu Well" />
  </requester>
  <recorder>
    <reference value="urn:staff-1112" />
    <display value="Dr Maikeu Well" />
  </recorder>
  <dosageInstruction>
  <text value="1 Drop - once a day - Left eye"/>
    <timing>
      <repeat>
        <frequency value="1" />
        <period value="1" />
        <periodUnit value="d" />
      </repeat>
    </timing>
    <site>
      <coding>
        <system value="http://snomed.info/sct" />
        <code value="8966001" />
        <display value="Left eye" />
      </coding>
    </site>
    <doseAndRate>
      <doseQuantity>
        <value value="1" />
        <unit value="Drop" />
        <system value="http://snomed.info/sct" />
        <code value="404218003" />
      </doseQuantity>
    </doseAndRate>
  </dosageInstruction>
  <substitution>
    <allowedBoolean value="false" />
  </substitution>
</MedicationRequest>