<MedicationRequest xmlns="http://hl7.org/fhir">
  <id value="f27b260e-8bdf-11eb-8dcd-0242ac130003" />
  <meta>
    <profile value="https://fhir.hl7.org.uk/StructureDefinition/UKCore-MedicationRequest" />
  </meta>
  <status value="active" />
  <intent value="order" />
  <category>
    <coding>
      <system value="http://terminology.hl7.org/CodeSystem/medicationrequest-category" />
      <code value="inpatient" />
      <display value="inpatient" />
    </coding>
  </category>
  <priority value="routine" />
  <medicationCodeableConcept>
    <coding>
      <system value="https://dmd.nhs.uk" />
      <code value="73133000" />
      <display value="Colchicine" />
    </coding>
  </medicationCodeableConcept>
  <subject>
    <identifier>
      <system value="https://fhir.nhs.uk/Id/nhs-number" />
      <value value="9999999999" />
    </identifier>
  </subject>
  <authoredOn value="2020-05-15T15:00:00Z" />
  <requester>
    <reference value="urn:staff-1112" />
    <display value="Dr Maikeu Well" />
  </requester>
  <recorder>
    <reference value="urn:staff-1112" />
    <display value="Dr Maikeu Well" />
  </recorder>
  <dosageInstruction>
    <text value="500 microgram - 3 times a day - oral - Until symptoms relieved - Maximum dose 6 mg per course and Do not repeat course for 3 days" />
    <additionalInstruction>
      <text value="Until symptoms relieved" />
    </additionalInstruction>
    <additionalInstruction>
      <text value="Maximum dose 6 mg per course" />
    </additionalInstruction>
    <additionalInstruction>
      <text value="Do not repeat course for 3 days" />
    </additionalInstruction>
    <timing>
      <repeat>
        <frequency value="3" />
        <period value="1" />
        <periodUnit value="d" />
      </repeat>
    </timing>
    <route>
      <coding>
        <system value="http://snomed.info/sct" />
        <code value="26643006" />
        <display value="oral" />
      </coding>
    </route>
    <doseAndRate>
      <doseQuantity>
        <value value="500" />
        <unit value="microgram" />
        <system value="http://unitsofmeasure.org" />
        <code value="ug" />
      </doseQuantity>
    </doseAndRate>
  </dosageInstruction>
  <substitution>
    <allowedBoolean value="false" />
  </substitution>
</MedicationRequest>