<MedicationRequest xmlns="http://hl7.org/fhir">
  <id value="a8ca980c-72aa-11e7-8cf7-a6006ad3dba0" />
  <meta>
    <profile value="https://fhir.hl7.org.uk/StructureDefinition/UKCore-MedicationRequest" />
  </meta>
  <status value="active" />
  <intent value="order" />
  <category>
    <coding>
      <system value="http://terminology.hl7.org/CodeSystem/medicationrequest-category" />
      <code value="out" />
      <display value="outpatient" />
    </coding>
  </category>
  <medicationCodeableConcept>
    <coding>
      <system value="https://dmd.nhs.uk" />
      <code value="375287000" />
      <display value="Oxygen" />
    </coding>
  </medicationCodeableConcept>&gt;
  <subject><identifier><system value="https://fhir.nhs.uk/Id/nhs-number" /><value value="9999999999" /></identifier></subject><authoredOn value="2020-05-15T15:00:00Z" /><requester><reference value="urn:staff-1112" /><display value="Dr Maikeu Well" /></requester><recorder><reference value="urn:staff-1112" /><display value="Dr Maikeu Well" /></recorder><dosageInstruction><text value="1 to 2 litre per minute - Inhalation - to be given via nasal cannula" /><additionalInstruction><text value="to be given via nasal cannula" /></additionalInstruction><route><coding><system value="http://snomed.info/sct" /><code value="18679011000001101" /><display value="Inhalation" /></coding></route><doseAndRate><doseRange><low><value value="1" /><unit value="liter per minute" /><system value="http://unitsofmeasure.org" /><code value="L/min" /></low><high><value value="2" /><unit value="liter per minute" /><system value="http://unitsofmeasure.org" /><code value="L/min" /></high></doseRange></doseAndRate></dosageInstruction><substitution><allowedBoolean value="false" /></substitution></MedicationRequest>