<MedicationRequest xmlns="http://hl7.org/fhir">
  <id value="00d31bbe-72f4-4a29-a880-df1a66075450" />
  <meta>
    <profile value="https://fhir.hl7.org.uk/StructureDefinition/UKCore-MedicationRequest" />
  </meta>
  <status value="active" />
  <intent value="order" />
  <category>
    <coding>
      <system value="http://terminology.hl7.org/CodeSystem/medicationrequest-category" />
      <code value="inpatient" />
      <display value="inpatient" />
    </coding>
  </category>
  <medicationCodeableConcept>
    <coding>
      <system value="https://dmd.nhs.uk" />
      <code value="91143003" />
      <display value="Salbutamol" />
    </coding>
  </medicationCodeableConcept>
  <subject>
    <identifier>
      <system value="https://fhir.nhs.uk/Id/nhs-number" />
      <value value="9999999999" />
    </identifier>
  </subject>
  <authoredOn value="2020-05-15T15:00:00Z" />
  <requester>
    <reference value="urn:staff-1112" />
    <display value="Dr Maikeu Well" />
  </requester>
  <recorder>
    <reference value="urn:staff-1112" />
    <display value="Dr Maikeu Well" />
  </recorder>
  <dosageInstruction>
    <text value="100 to 200 microgram - Inhalation - as required - up to a maximum of 8 dose in 1 day - using the metered dose device" />
    <additionalInstruction>
      <text value="using the metered dose device" />
    </additionalInstruction>
    <asNeededBoolean value="true" />
    <route>
      <coding>
        <system value="http://snomed.info/sct" />
        <code value="18679011000001101" />
        <display value="Inhalation" />
      </coding>
    </route>
    <doseAndRate>
      <doseRange>
        <low>
          <value value="100" />
          <unit value="microgram" />
          <system value="http://unitsofmeasure.org" />
          <code value="ug" />
        </low>
        <high>
          <value value="200" />
          <unit value="microgram" />
          <system value="http://unitsofmeasure.org" />
          <code value="ug" />
        </high>
      </doseRange>
    </doseAndRate>
    <maxDosePerPeriod>
      <numerator>
        <value value="8" />
        <unit value="dose" />
        <system value="http://snomed.info/sct" />
        <code value="3317411000001100" />
      </numerator>
      <denominator>
        <value value="1" />
        <unit value="day" />
        <system value="http://unitsofmeasure.org" />
        <code value="d" />
      </denominator>
    </maxDosePerPeriod>
  </dosageInstruction>
  <substitution>
    <allowedBoolean value="false" />
  </substitution>
</MedicationRequest>