{
  "resourceType": "MedicationAdministration",
  "id": "1d7ba0c5-5b05-475d-8aa8-14e2f17b9527",
  "meta": {
    "profile": [
      "https://fhir.hl7.org.uk/StructureDefinition/UKCore-MedicationAdministration"
    ]
  },
  "status": "completed",
  "medicationCodeableConcept": {
    "coding": [
      {
        "system": "https://dmd.nhs.uk",
        "code": "36054511000001107",
        "display": "Heparin sodium 20,000units/20ml solution for injection ampoules"
      }
    ]
  },
  "subject": {
    "reference": "Patient/UKCore-Patient-RachelSmith-Example"
  },
  "effectivePeriod": {
        "start": "2021-03-25T09:05:00+00:00",
        "end": "2021-03-25T15:05:00+00:00"
  },
  "request": {
    "reference": "MedicationRequest/203c8dce-aaec-4349-9335-a572ad48c553"
  },
  "dosage": {
    "method": {
      "coding": [
        {
          "system": "http://snomed.info/sct",
          "code": "261754007",
          "display": "Continuous infusion"
        }
      ]
    },
    "route": {
      "coding": [
        {
          "system": "https://dmd.nhs.uk",
          "code": "47625008",
          "display": "Intravenous"
        }
      ]
    },
    "rateQuantity": {
      "value": 0.9,
      "unit": "millilitre per hour",
      "system": "http://unitsofmeasure.org",
      "code": "mL/h"
    }
  }
}