<MedicationRequest xmlns="http://hl7.org/fhir">
  <id value="18a8ea33-dc5f-4fb7-985e-acc474bf97cd" />
  <meta>
    <profile value="https://fhir.hl7.org.uk/StructureDefinition/UKCore-MedicationRequest" />
  </meta>
  <status value="active" />
  <intent value="order" />
  <category>
    <coding>
      <system value="http://terminology.hl7.org/CodeSystem/medicationrequest-category" />
      <code value="community" />
      <display value="community" />
    </coding>
  </category>
  <medicationCodeableConcept>
    <coding>
      <system value="https://dmd.nhs.uk" />
      <code value="116281000001109" />
      <display value="Lidocaine 5% medicated plasters" />
    </coding>
  </medicationCodeableConcept>
  <subject>
    <identifier>
      <system value="https://fhir.nhs.uk/Id/nhs-number" />
      <value value="9999999999" />
    </identifier>
  </subject>
  <authoredOn value="2023-01-17T09:30:00Z" />
  <requester>
    <reference value="urn:staff-1112" />
    <display value="Dr Maikeu Well" />
  </requester>
  <recorder>
    <reference value="urn:staff-1112" />
    <display value="Dr Maikeu Well" />
  </recorder>
  <dosageInstruction>
    <sequence value="1" />
    <text value="Apply 2 plasters - once daily - over 12 hours - Applied to intact, dry, non-hairy, non-irritated skin" />
    <additionalInstruction>
      <text value="Applied to intact, dry, non-hairy, non-irritated skin" />
    </additionalInstruction>
    <timing>
      <repeat>
        <frequency value="1" />
        <period value="1" />
        <periodUnit value="d" />
        <duration value="12" />
        <durationUnit value="hour" />
      </repeat>
    </timing>
    <method>
      <coding>
        <system value="http://snomed.info/sct" />
        <code value="417924000" />
        <display value="Apply" />
      </coding>
    </method>
    <doseAndRate>
      <doseQuantity>
        <value value="2" />
        <unit value="plaster" />
        <system value="http://snomed.info/sct" />
        <code value="655791000001103" />
      </doseQuantity>
    </doseAndRate>
  </dosageInstruction>
  <dosageInstruction>
    <sequence value="2" />
    <text value="Apply 0 plasters - over 12 hours" />
    <timing>
      <repeat>
        <duration value="12" />
        <durationUnit value="hour" />
      </repeat>
    </timing>
    <method>
      <coding>
        <system value="http://snomed.info/sct" />
        <code value="417924000" />
        <display value="Apply" />
      </coding>
    </method>
    <doseAndRate>
      <doseQuantity>
        <value value="0" />
        <unit value="plaster" />
        <system value="http://snomed.info/sct" />
        <code value="655791000001103" />
      </doseQuantity>
    </doseAndRate>
  </dosageInstruction>
  <substitution>
    <allowedBoolean value="false" />
  </substitution>
</MedicationRequest>