<ImplementationGuide xmlns="http://hl7.org/fhir"><url value="https://simplifier.net/guide/dosesyntaximplementationguidanceforfhirr4" /><version value="2.1.0-private-beta" /><name value="Implementation guide for dose syntax" /><status value="draft" /><fhirVersion value="4.0.0" /><definition><page><nameUrl value="Home.md" /><title value="Home" /><generation value="markdown" /><page><nameUrl value="Introduction.md" /><title value="Introduction" /><generation value="markdown" /><page><nameUrl value="HowtousethisImplementationGuide.md" /><title value="How to use this Implementation Guide" /><generation value="markdown" /><page><nameUrl value="IntendedAudience.md" /><title value="Intended Audience" /><generation value="markdown" /></page><page><nameUrl value="ImplementationGuideFormatandStructure.md" /><title value="Implementation Guide Format and Structure" /><generation value="markdown" /></page><page><nameUrl value="Sitemap.md" /><title value="Sitemap" /><generation value="markdown" /></page></page><page><nameUrl value="Releasenotes.md" /><title value="Release notes" /><generation value="markdown" /><page><nameUrl value="2.1.0-private-beta.md" /><title value="2.1.0-private-beta" /><generation value="markdown" /></page><page><nameUrl value="2.0.1-private-beta.md" /><title value="2.0.1-private-beta" /><generation value="markdown" /></page><page><nameUrl value="2.0.0-private-beta.md" /><title value="2.0.0-private-beta" /><generation value="markdown" /></page><page><nameUrl value="1.3.3-private-beta.md" /><title value="1.3.3-private-beta" /><generation value="markdown" /></page><page><nameUrl value="1.3.2-alpha.md" /><title value="1.3.2-alpha" /><generation value="markdown" /></page><page><nameUrl value="1.3.1-alpha.md" /><title value="1.3.1-alpha" /><generation value="markdown" /></page><page><nameUrl value="1.3.0-alpha.md" /><title value="1.3.0-alpha" /><generation value="markdown" /></page><page><nameUrl value="1.2.0-discovery.md" /><title value="1.2.0-discovery" /><generation value="markdown" /></page><page><nameUrl value="1.1.0-discovery.md" /><title value="1.1.0-discovery" /><generation value="markdown" /></page><page><nameUrl value="1.0.0-discovery.md" /><title value="1.0.0-discovery" /><generation value="markdown" /></page></page><page><nameUrl value="Guideversioning.md" /><title value="Guide versioning" /><generation value="markdown" /><page><nameUrl value="SemanticVersioning.md" /><title value="Semantic Versioning" /><generation value="markdown" /></page><page><nameUrl value="Pre-releaselabels.md" /><title value="Pre-release labels" /><generation value="markdown" /></page></page><page><nameUrl value="Glossary.md" /><title value="Glossary" /><generation value="markdown" /><page><nameUrl value="DeveloperTerms.md" /><title value="Developer Terms" /><generation value="markdown" /></page><page><nameUrl value="Abbrevations.md" /><title value="Abbrevations" /><generation value="markdown" /></page></page></page><page><nameUrl value="FHIRAssets.md" /><title value="FHIR Assets" /><generation value="markdown" /><page><nameUrl value="Profiles.md" /><title value="Profiles" /><generation value="markdown" /><page><nameUrl value="ProfileList-duplicate-2.md" /><title value="Profile List" /><generation value="markdown" /><page><nameUrl value="Dosage.md" /><title value="Dosage" /><generation value="markdown" /></page></page></page><page><nameUrl value="CodeSystems.md" /><title value="CodeSystems" /><generation value="markdown" /></page></page><page><nameUrl value="Design.md" /><title value="Design" /><generation value="markdown" /><page><nameUrl value="DesignOverview.md" /><title value="Design Overview" /><generation value="markdown" /></page></page><page><nameUrl value="Build.md" /><title value="Build" /><generation value="markdown" /><page><nameUrl value="R4Limitations.md" /><title value="R4 Limitations" /><generation value="markdown" /></page><page><nameUrl value="DosetoProductTranslation.md" /><title value="Dose to Product Translation" /><generation value="markdown" /></page><page><nameUrl value="DosetoTextTranslation.md" /><title value="Dose to Text Translation" /><generation value="markdown" /></page></page><page><nameUrl value="Examples.md" /><title value="Examples" /><generation value="markdown" /></page><page><nameUrl value="Downloads.md" /><title value="Downloads" /><generation value="markdown" /><page><nameUrl value="Demonstrator.md" /><title value="Demonstrator" /><generation value="markdown" /></page></page><page><nameUrl value="HelpandSupport.md" /><title value="Help and Support" /><generation value="markdown" /></page></page></definition></ImplementationGuide>