<!--   Example referencing a Virtual Medicinal Product (VMP) + dispenseRequest as a contained resource   -->
<MedicationRequest xmlns="http://hl7.org/fhir">
    <id value="6be12be5-ec55-4a2f-ad55-9413fecfc250" />
    <contained>
        <Medication>
            <id value="med1" />
            <code>
                <coding>
                    <system value="http://snomed.info/sct" />
                    <code value="322282001" />
                    <display value="Paracetamol 120mg/5ml oral suspension paediatric sugar free" />
                </coding>
            </code>
        </Medication>
    </contained>
    <status value="active" />
    <intent value="order" />
    <category>
        <coding>
            <system value="http://terminology.hl7.org/CodeSystem/medicationrequest-category" />
            <code value="inpatient" />
            <display value="inpatient" />
        </coding>
    </category>
    <priority value="routine" />
    <medicationReference>
        <reference value="#med1" />
    </medicationReference>
    <subject>
        <identifier>
            <system value="https://fhir.nhs.uk/Id/nhs-number" />
            <value value="9999999999" />
        </identifier>
    </subject>
    <authoredOn value="2020-05-15T15:00:00Z" />
    <requester>
        <reference value="urn:staff-1112" />
        <display value="Dr Maikeu Well" />
    </requester>
    <recorder>
        <reference value="urn:staff-1112" />
        <display value="Dr Maikeu Well" />
    </recorder>
    <dosageInstruction>
        <timing>
            <repeat>
                <frequency value="1" />
                <period value="1" />
                <periodUnit value="d" />
            </repeat>
        </timing>
        <route>
            <coding>
                <system value="http://snomed.info/sct" />
                <code value="26643006" />
                <display value="oral" />
            </coding>
        </route>
    </dosageInstruction>
    <dispenseRequest>
        <quantity>
            <value value="200" />
            <unit value="ml" />
            <system value="http://snomed.info/sct" />
            <code value="258773002" />
        </quantity>
    </dispenseRequest>
    <substitution>
      <allowedBoolean value="false" />
    </substitution>
</MedicationRequest>