<MedicationRequest xmlns="http://hl7.org/fhir">
    <id value="6b122dc2-89b2-4f93-9139-3012f6669857" />
    <contained>
        <Medication>
            <id value="med1" />
            <text>
                <status value="generated" />
                <div xmlns="http://www.w3.org/1999/xhtml">Glucose 5% infusion</div>
            </text>
            <form>
                <coding>
                    <system value="http://snomed.info/sct" />
                    <code value="14964511000001102" />
                    <display value="Infusion" />
                </coding>
            </form>
            <amount>
                <numerator>
                    <value value="50" />
                    <unit value="gram" />
                    <system value="http://unitsofmeasure.org" />
                    <code value="g" />
                </numerator>
                <denominator>
                    <value value="1" />
                    <unit value="liter" />
                    <system value="http://unitsofmeasure.org" />
                    <code value="L" />
                </denominator>
            </amount>
            <ingredient>
                <itemCodeableConcept>
                    <coding>
                        <system value="http://snomed.info/sct" />
                        <code value="768547002" />
                        <display value="Anhydrous Glucose" />
                    </coding>
                </itemCodeableConcept>
            </ingredient>
        </Medication>
    </contained>
    <status value="active" />
    <intent value="order" />
    <category>
        <coding>
            <system value="http://terminology.hl7.org/CodeSystem/medicationrequest-category" />
            <code value="inpatient" />
            <display value="inpatient" />
        </coding>
    </category>
    <priority value="routine" />
    <medicationReference>
        <reference value="#med1" />
    </medicationReference>
    <subject>
        <identifier>
            <system value="https://fhir.nhs.uk/Id/nhs-number" />
            <value value="9999999999" />
        </identifier>
    </subject>
    <authoredOn value="2020-05-15T15:00:00Z" />
    <requester>
        <reference value="urn:staff-1112" />
        <display value="Dr Maikeu Well" />
    </requester>
    <recorder>
        <reference value="urn:staff-1112" />
        <display value="Dr Maikeu Well" />
    </recorder>
    <dosageInstruction>
        <timing>
            <repeat>
                <duration value="8" />
                <durationUnit value="h" />
            </repeat>
        </timing>
        <method>
            <coding>
                <system value="http://snomed.info/sct" />
                <code value="261754007" />
                <display value="Continuous infusion" />
            </coding>
        </method>
        <doseAndRate>
            <rateRatio>
                <numerator>
                    <value value="100" />
                    <unit value="millilitre" />
                    <system value="http://unitsofmeasure.org" />
                    <code value="mL" />
                </numerator>
                <denominator>
                    <value value="1" />
                    <unit value="hour" />
                    <system value="http://unitsofmeasure.org" />
                    <code value="h" />
                </denominator>
            </rateRatio>
        </doseAndRate>
    </dosageInstruction>
    <substitution>
      <allowedBoolean value="false" />
    </substitution>
</MedicationRequest>