<MedicationRequest xmlns="http://hl7.org/fhir">
    <id value="808e7672-cf8d-48d8-885b-694c9bb9a417" />
    <contained>
        <Medication>
            <id value="med1" />
            <code>
                <coding>
                    <system value="http://snomed.info/sct" />
                    <code value="2971511000001101" />
                    <display value="Eprex 2,000units/0.5ml solution for injection pre-filled syringes (Janssen-Cilag Ltd)" />
                </coding>
            </code>
        </Medication>
    </contained>
    <status value="active" />
    <intent value="order" />
    <category>
        <coding>
            <system value="http://terminology.hl7.org/CodeSystem/medicationrequest-category" />
            <code value="inpatient" />
            <display value="inpatient" />
        </coding>
    </category>
    <priority value="routine" />
    <medicationReference>
        <reference value="#med1" />
    </medicationReference>
    <subject>
        <identifier>
            <system value="https://fhir.nhs.uk/Id/nhs-number" />
            <value value="9999999999" />
        </identifier>
    </subject>
    <authoredOn value="2020-05-15T15:00:00Z" />
    <requester>
        <reference value="urn:staff-1112" />
        <display value="Dr Maikeu Well" />
    </requester>
    <recorder>
        <reference value="urn:staff-1112" />
        <display value="Dr Maikeu Well" />
    </recorder>
    <dosageInstruction>
        <additionalInstruction>
            <text value="with dialysis" />
        </additionalInstruction>
        <timing>
            <repeat>
                <frequency value="1" />
                <period value="1" />
                <periodUnit value="d" />
                <dayOfWeek value="mon" />
                <dayOfWeek value="thu" />
            </repeat>
        </timing>
        <route>
            <coding>
                <system value="http://snomed.info/sct" />
                <code value="34206005" />
                <display value="subcutaneous route" />
            </coding>
        </route>
        <method>
            <coding>
                <system value="http://snomed.info/sct" />
                <code value="422145002" />
                <display value="inject" />
            </coding>
        </method>
    </dosageInstruction>
    <substitution>
      <allowedBoolean value="false" />
    </substitution>
</MedicationRequest>