<MedicationRequest xmlns="http://hl7.org/fhir">
    <id value="efaae147-81bb-4abd-b1d4-dd394a7ffc0c" />
    <contained>
        <Medication>
            <id value="med1" />
            <code>
                <coding>
                    <system value="http://snomed.info/sct" />
                    <code value="126202002" />
                    <display value="Levothyroxine sodium" />
                </coding>
            </code>
        </Medication>
    </contained>
    <status value="active" />
    <intent value="order" />
    <category>
        <coding>
            <system value="http://terminology.hl7.org/CodeSystem/medicationrequest-category" />
            <code value="inpatient" />
            <display value="inpatient" />
        </coding>
    </category>
    <priority value="routine" />
    <medicationReference>
        <reference value="#med1" />
    </medicationReference>
    <subject>
        <identifier>
            <system value="https://fhir.nhs.uk/Id/nhs-number" />
            <value value="4857773456" />
        </identifier>
    </subject>
    <authoredOn value="2020-05-15T15:00:00Z" />
    <requester>
        <reference value="urn:staff-1112" />
        <display value="Dr Maikeu Well" />
    </requester>
    <recorder>
        <reference value="urn:staff-1112" />
        <display value="Dr Maikeu Well" />
    </recorder>
    <dosageInstruction>
        <sequence value="1" />
        <timing>
            <repeat>
                <frequency value="1" />
                <period value="1" />
                <periodUnit value="d" />
            </repeat>
        </timing>
        <doseAndRate>
            <doseQuantity>
                <value value="100" />
                <unit value="microgram" />
                <system value="http://unitsofmeasure.org" />
                <code value="ug" />
            </doseQuantity>
        </doseAndRate>
    </dosageInstruction>
    <dosageInstruction>
        <sequence value="1" />
        <timing>
            <repeat>
                <frequency value="1" />
                <period value="2" />
                <periodUnit value="d" />
            </repeat>
        </timing>
        <doseAndRate>
            <doseQuantity>
                <value value="25" />
                <unit value="microgram" />
                <system value="http://unitsofmeasure.org" />
                <code value="ug" />
            </doseQuantity>
        </doseAndRate>
    </dosageInstruction>
    <substitution>
      <allowedBoolean value="false" />
    </substitution>
</MedicationRequest>