<MedicationRequest xmlns="http://hl7.org/fhir">
    <id value="d62bbf77-c6b5-4bac-a66f-147a869eacc7" />
    <contained>
        <Medication>
            <id value="med1" />
            <code>
                <coding>
                    <system value="http://snomed.info/sct" />
                    <code value="3351711000001106" />
                    <display value="Micralax Micro-enema 5ml (RPH Pharmaceuticals AB)" />
                </coding>
            </code>
        </Medication>
    </contained>
    <status value="active" />
    <intent value="order" />
    <category>
        <coding>
            <system value="http://terminology.hl7.org/CodeSystem/medicationrequest-category" />
            <code value="inpatient" />
            <display value="inpatient" />
        </coding>
    </category>
    <priority value="routine" />
    <medicationReference>
        <reference value="#med1" />
    </medicationReference>
    <subject>
        <identifier>
            <system value="https://fhir.nhs.uk/Id/nhs-number" />
            <value value="9999999999" />
        </identifier>
    </subject>
    <authoredOn value="2020-05-15T15:00:00Z" />
    <requester>
        <reference value="urn:staff-1112" />
        <display value="Dr Maikeu Well" />
    </requester>
    <recorder>
        <reference value="urn:staff-1112" />
        <display value="Dr Maikeu Well" />
    </recorder>
    <dosageInstruction>
        <timing>
            <repeat>
                <frequency value="1" />
                <period value="1" />
                <periodUnit value="d" />
            </repeat>
        </timing>
    </dosageInstruction>
    <substitution>
      <allowedBoolean value="false" />
    </substitution>
</MedicationRequest>