<MedicationRequest xmlns="http://hl7.org/fhir">
    <id value="9599bbbd-5fb0-429b-ba24-bca6448f521a" />
    <contained>
        <Medication>
            <id value="med1" />
            <code>
                <coding>
                    <system value="http://snomed.info/sct" />
                    <code value="3279211000001105" />
                    <display value="NovoRapid Penfill 100units/ml solution for injection 3ml cartridges (Novo Nordisk Ltd)" />
                </coding>
            </code>
        </Medication>
    </contained>
    <status value="active" />
    <intent value="order" />
    <category>
        <coding>
            <system value="http://terminology.hl7.org/CodeSystem/medicationrequest-category" />
            <code value="inpatient" />
            <display value="inpatient" />
        </coding>
    </category>
    <priority value="routine" />
    <medicationReference>
        <reference value="#med1" />
    </medicationReference>
    <subject>
        <identifier>
            <system value="https://fhir.nhs.uk/Id/nhs-number" />
            <value value="9999999999" />
        </identifier>
    </subject>
    <authoredOn value="2020-05-15T15:00:00Z" />
    <requester>
        <reference value="urn:staff-1112" />
        <display value="Dr Maikeu Well" />
    </requester>
    <recorder>
        <reference value="urn:staff-1112" />
        <display value="Dr Maikeu Well" />
    </recorder>
    <dosageInstruction>
        <patientInstruction value="according to insulin requirements" />
        <asNeededBoolean value="true" />
        <method>
            <coding>
                <system value="http://snomed.info/sct" />
                <code value="422145002" />
                <display value="inject" />
            </coding>
        </method>
    </dosageInstruction>
    <substitution>
      <allowedBoolean value="false" />
    </substitution>
</MedicationRequest>