<MedicationRequest xmlns="http://hl7.org/fhir">
    <id value="18a8ea33-dc5f-4fb7-985e-acc474bf97cd" />
    <contained>
        <Medication>
            <id value="med1" />
            <code>
                <coding>
                    <system value="http://snomed.info/sct" />
                    <code value="329526003" />
                    <display value="Aspirin 300mg dispersible tablets" />
                </coding>
            </code>
        </Medication>
    </contained>
    <status value="active" />
    <intent value="order" />
        <category>
        <coding>
            <system value="http://terminology.hl7.org/CodeSystem/medicationrequest-category" />
            <code value="outpatient" />
            <display value="ou5patient" />
        </coding>
    </category>
    <priority value="routine" />
    <medicationReference>
        <reference value="#med1" />
    </medicationReference>
    <subject>
        <identifier>
            <system value="https://fhir.nhs.uk/Id/nhs-number" />
            <value value="9999999999" />
        </identifier>
    </subject>
    <authoredOn value="2019-01-15T15:00:00Z" />
    <requester>
        <reference value="urn:staff-1112" />
        <display value="Dr Maikeu Well" />
    </requester>
    <recorder>
        <reference value="urn:staff-1112" />
        <display value="Dr Maikeu Well" />
    </recorder>
    <dosageInstruction>
        <additionalInstruction>
            <coding>
                <system value="http://snomed.info/sct" />
                <code value="417995008" />
                <display value="Dissolve or mix with water before taking" />
            </coding>
        </additionalInstruction>
        <timing>
            <repeat>
                <frequency value="4" />
                <period value="1" />
                <periodUnit value="d" />
                <when value="C" />
                <when value="PC" />
            </repeat>
        </timing>
        <doseAndRate>
            <doseQuantity>
                <value value="2" />
                <unit value="tablet" />
                <system value="http://snomed.info/sct" />
                <code value="428673006" />
            </doseQuantity>
        </doseAndRate>
    </dosageInstruction>
    <substitution>
      <allowedBoolean value="false" />
    </substitution>
</MedicationRequest>