<MedicationRequest xmlns="http://hl7.org/fhir">
    <id value="6062d3bb-f6cf-41ec-aa71-dcd42299b10f" />
    <contained>
        <Medication>
            <id value="med1" />
            <code>
                <coding>
                    <system value="http://snomed.info/sct" />
                    <code value="24856311000001103" />
                    <display value="Hydroxocobalamin 10mg/2ml solution for injection ampoules" />
                </coding>
            </code>
        </Medication>
    </contained>
    <status value="active" />
    <intent value="order" />
    <category>
        <coding>
            <system value="http://terminology.hl7.org/CodeSystem/medicationrequest-category" />
            <code value="inpatient" />
            <display value="inpatient" />
        </coding>
    </category>
    <priority value="routine" />
    <medicationReference>
        <reference value="#med1" />
    </medicationReference>
    <subject>
        <identifier>
            <system value="https://fhir.nhs.uk/Id/nhs-number" />
            <value value="9999999999" />
        </identifier>
    </subject>
    <authoredOn value="2020-05-15T15:00:00Z" />
    <requester>
        <reference value="urn:staff-1112" />
        <display value="Dr Maikeu Well" />
    </requester>
    <recorder>
        <reference value="urn:staff-1112" />
        <display value="Dr Maikeu Well" />
    </recorder>
    <dosageInstruction>
        <sequence value="1" />
        <timing>
            <repeat>
                <count value="6" />
                <frequency value="3" />
                <period value="1" />
                <periodUnit value="wk" />
            </repeat>
        </timing>
        <site>
            <coding>
                <system value="http://snomed.info/sct" />
                <code value="16982005" />
                <display value="Shoulder" />
            </coding>
        </site>
        <route>
            <coding>
                <system value="http://snomed.info/sct" />
                <code value="78421000" />
                <display value="intramuscular route" />
            </coding>
        </route>
        <doseAndRate>
            <doseQuantity>
                <value value="1" />
                <unit value="ampoule" />
                <system value="http://snomed.info/sct" />
                <code value="413516001" />
            </doseQuantity>
        </doseAndRate>
    </dosageInstruction>
    <dosageInstruction>
        <sequence value="2" />
        <timing>
            <repeat>
                <boundsPeriod>
                    <start value="2019-11-01" />
                </boundsPeriod>
                <frequency value="1" />
                <period value="3" />
                <periodUnit value="mo" />
            </repeat>
        </timing>
        <site>
            <coding>
                <system value="http://snomed.info/sct" />
                <code value="16982005" />
                <display value="Shoulder" />
            </coding>
        </site>
        <route>
            <coding>
                <system value="http://snomed.info/sct" />
                <code value="78421000" />
                <display value="intramuscular route" />
            </coding>
        </route>
        <doseAndRate>
            <doseQuantity>
                <value value="1" />
                <unit value="ampoule" />
                <system value="http://snomed.info/sct" />
                <code value="413516001" />
            </doseQuantity>
        </doseAndRate>
    </dosageInstruction>
    <substitution>
      <allowedBoolean value="false" />
    </substitution>
</MedicationRequest>