<MedicationRequest xmlns="http://hl7.org/fhir">
  <id value="1558295a-9213-44cb-81e1-e1ab8fcc3e81" />
  <contained>
    <Medication>
      <id value="med1" />
      <code>
        <coding>
          <system value="http://snomed.info/sct" />
          <code value="73572009" />
          <display value="Morphine" />
        </coding>
      </code>
    </Medication>
  </contained>
  <intent value="order" />
  <status value="active" />
    <category>
        <coding>
            <system value="http://terminology.hl7.org/CodeSystem/medicationrequest-category" />
            <code value="inpatient" />
            <display value="inpatient" />
        </coding>
    </category>
    <priority value="routine" />
  <medicationReference>
    <reference value="#med1" />
  </medicationReference>
  <subject>
    <identifier>
      <system value="https://fhir.nhs.uk/Id/nhs-number" />
      <value value="9999999999" />
    </identifier>
  </subject>
    <authoredOn value="2020-05-15T15:00:00Z" />
    <requester>
        <reference value="urn:staff-1112" />
        <display value="Dr Maikeu Well" />
    </requester>
    <recorder>
        <reference value="urn:staff-1112" />
        <display value="Dr Maikeu Well" />
    </recorder>
  <dosageInstruction>
    <timing>
      <repeat>
        <boundsDuration>
          <value value="1" />
          <unit value="day" />
          <system value="http://unitsofmeasure.org" />
          <code value="d" />
        </boundsDuration>
        <frequency value="4" />
        <period value="1" />
        <periodUnit value="d" />
      </repeat>
    </timing>
    <route>
      <coding>
        <system value="http://snomed.info/sct" />
        <code value="47625008" />
        <display value="intravenous route" />
      </coding>
    </route>
    <method>
      <coding>
        <system value="http://snomed.info/sct" />
        <code value="422145002" />
        <display value="inject" />
      </coding>
    </method>
    <doseAndRate>
      <doseQuantity>
        <value value="30" />
        <unit value="milligram" />
        <system value="http://unitsofmeasure.org" />
        <code value="mg" />
      </doseQuantity>
    </doseAndRate>
  </dosageInstruction>
    <substitution>
      <allowedBoolean value="false" />
    </substitution>
</MedicationRequest>