<MedicationRequest xmlns="http://hl7.org/fhir">
    <id value="921aa4f4-c84e-4bf6-bc86-279d53e28d76" />
    <contained>
        <Medication>
            <id value="med1" />
            <code>
                <coding>
                    <system value="http://snomed.info/sct" />
                    <code value="325278007" />
                    <display value="Metformin 500mg tablets" />
                </coding>
            </code>
        </Medication>
    </contained>
    <status value="active" />
    <intent value="order" />
    <category>
        <coding>
            <system value="http://terminology.hl7.org/CodeSystem/medicationrequest-category" />
            <code value="inpatient" />
            <display value="inpatient" />
        </coding>
    </category>
    <priority value="routine" />
    <medicationReference>
        <reference value="#med1" />
    </medicationReference>
    <subject>
        <identifier>
            <system value="https://fhir.nhs.uk/Id/nhs-number" />
            <value value="9999999999" />
        </identifier>
    </subject>
    <authoredOn value="2020-05-15T15:00:00Z" />
    <requester>
        <reference value="urn:staff-1112" />
        <display value="Dr Maikeu Well" />
    </requester>
    <recorder>
        <reference value="urn:staff-1112" />
        <display value="Dr Maikeu Well" />
    </recorder>
    <dosageInstruction>
        <sequence value="1" />
        <timing>
            <repeat>
                <duration value="1" />
                <durationUnit value="wk" />
                <frequency value="1" />
                <period value="1" />
                <periodUnit value="d" />
                <when value="CM" />
            </repeat>
        </timing>
        <doseAndRate>
            <doseQuantity>
                <value value="500" />
                <unit value="milligram" />
                <system value="http://unitsofmeasure.org" />
                <code value="mg" />
            </doseQuantity>
        </doseAndRate>
        <maxDosePerPeriod>
            <numerator>
                <value value="2" />
                <unit value="gram" />
                <system value="http://unitsofmeasure.org" />
                <code value="g" />
            </numerator>
            <denominator>
                <value value="1" />
                <unit value="day" />
                <system value="http://unitsofmeasure.org" />
                <code value="d" />
            </denominator>
        </maxDosePerPeriod>
    </dosageInstruction>
    <dosageInstruction>
        <sequence value="2" />
        <timing>
            <repeat>
                <duration value="1" />
                <durationUnit value="wk" />
                <frequency value="2" />
                <period value="1" />
                <periodUnit value="d" />
                <when value="CM" />
                <when value="CV" />
            </repeat>
        </timing>
        <doseAndRate>
            <doseQuantity>
                <value value="500" />
                <unit value="milligram" />
                <system value="http://unitsofmeasure.org" />
                <code value="mg" />
            </doseQuantity>
        </doseAndRate>
        <maxDosePerPeriod>
            <numerator>
                <value value="2" />
                <unit value="gram" />
                <system value="http://unitsofmeasure.org" />
                <code value="g" />
            </numerator>
            <denominator>
                <value value="1" />
                <unit value="day" />
                <system value="http://unitsofmeasure.org" />
                <code value="d" />
            </denominator>
        </maxDosePerPeriod>
    </dosageInstruction>
    <dosageInstruction>
        <sequence value="3" />
        <timing>
            <repeat>
                <duration value="1" />
                <durationUnit value="wk" />
                <frequency value="2" />
                <period value="1" />
                <periodUnit value="d" />
                <when value="CM" />
                <when value="CV" />
            </repeat>
        </timing>
        <doseAndRate>
            <doseQuantity>
                <value value="500" />
                <unit value="milligram" />
                <system value="http://unitsofmeasure.org" />
                <code value="mg" />
            </doseQuantity>
        </doseAndRate>
        <maxDosePerPeriod>
            <numerator>
                <value value="2" />
                <unit value="gram" />
                <system value="http://unitsofmeasure.org" />
                <code value="g" />
            </numerator>
            <denominator>
                <value value="1" />
                <unit value="day" />
                <system value="http://unitsofmeasure.org" />
                <code value="d" />
            </denominator>
        </maxDosePerPeriod>
    </dosageInstruction>
    <dosageInstruction>
        <sequence value="4" />
        <timing>
            <repeat>
                <duration value="1" />
                <durationUnit value="wk" />
                <frequency value="3" />
                <period value="1" />
                <periodUnit value="d" />
                <when value="CM" />
                <when value="CV" />
                <when value="CD" />
            </repeat>
        </timing>
        <doseAndRate>
            <doseQuantity>
                <value value="500" />
                <unit value="milligram" />
                <system value="http://unitsofmeasure.org" />
                <code value="mg" />
            </doseQuantity>
        </doseAndRate>
        <maxDosePerPeriod>
            <numerator>
                <value value="2" />
                <unit value="gram" />
                <system value="http://unitsofmeasure.org" />
                <code value="g" />
            </numerator>
            <denominator>
                <value value="1" />
                <unit value="day" />
                <system value="http://unitsofmeasure.org" />
                <code value="d" />
            </denominator>
        </maxDosePerPeriod>
    </dosageInstruction>
    <substitution>
      <allowedBoolean value="false" />
    </substitution>
</MedicationRequest>
