<MedicationRequest xmlns="http://hl7.org/fhir">
    <id value="68ed456c-4fbb-4e7c-b431-321e06a6fdf9" />
    <contained>
        <Medication>
            <id value="med1" />
            <code>
                <coding>
                    <system value="http://snomed.info/sct" />
                    <code value="42111000001107" />
                    <display value="Microgynon 30 tablets (Bayer Plc)" />
                </coding>
            </code>
        </Medication>
    </contained>
    <status value="active" />
    <intent value="order" />
    <category>
        <coding>
            <system value="http://terminology.hl7.org/CodeSystem/medicationrequest-category" />
            <code value="inpatient" />
            <display value="inpatient" />
        </coding>
    </category>
    <priority value="routine" />
    <medicationReference>
        <reference value="#med1" />
    </medicationReference>
    <subject>
        <identifier>
            <system value="https://fhir.nhs.uk/Id/nhs-number" />
            <value value="9999999999" />
        </identifier>
    </subject>
    <authoredOn value="2020-05-15T15:00:00Z" />
    <requester>
        <reference value="urn:staff-1112" />
        <display value="Dr Maikeu Well" />
    </requester>
    <recorder>
        <reference value="urn:staff-1112" />
        <display value="Dr Maikeu Well" />
    </recorder>
    <dosageInstruction>
        <additionalInstruction>
            <coding>
                <system value="http://snomed.info/sct" />
                <code value="421769005" />
                <display value="Follow directions" />
            </coding>
        </additionalInstruction>
    </dosageInstruction>
    <dispenseRequest>
        <quantity>
            <value value="63" />
            <unit value="tablet" />
            <system value="http://snomed.info/sct" />
            <code value="428673006" />
        </quantity>
    </dispenseRequest>
    <substitution>
      <allowedBoolean value="false" />
    </substitution>
</MedicationRequest>