<MedicationRequest xmlns="http://hl7.org/fhir">
    <id value="41dab799-fdbb-4a1e-bee2-a1a73dacac8d" />
    <contained>
        <Medication>
            <id value="med1" />
            <code>
                <coding>
                    <system value="http://snomed.info/sct" />
                    <code value="7947003" />
                    <display value="Aspirin" />
                </coding>
            </code>
            <form>
                <coding>
                    <system value="http://snomed.info/sct" />
                    <code value="385194003" />
                    <display value="suppository" />
                </coding>
            </form>
        </Medication>
    </contained>
    <status value="active" />
    <intent value="order" />
    <category>
        <coding>
            <system value="http://terminology.hl7.org/CodeSystem/medicationrequest-category" />
            <code value="outpatient" />
            <display value="outpatient" />
        </coding>
    </category>
    <priority value="routine" />
    <medicationReference>
        <reference value="#med1" />
    </medicationReference>
    <subject>
        <identifier>
            <system value="https://fhir.nhs.uk/Id/nhs-number" />
            <value value="9999999999" />
        </identifier>
    </subject>
    <authoredOn value="2020-05-15T15:00:00Z" />
    <requester>
        <reference value="urn:staff-1112" />
        <display value="Dr Maikeu Well" />
    </requester>
    <recorder>
        <reference value="urn:staff-1112" />
        <display value="Dr Maikeu Well" />
    </recorder>
    <dosageInstruction>
        <timing>
            <repeat>
                <frequency value="1" />
                <period value="4" />
                <periodUnit value="h" />
            </repeat>
        </timing>
        <route>
            <coding>
                <system value="http://snomed.info/sct" />
                <code value="37161004" />
                <display value="Rectal" />
            </coding>
        </route>
        <doseAndRate>
            <doseQuantity>
                <value value="600" />
                <unit value="milligram" />
                <system value="http://unitsofmeasure.org" />
                <code value="mg" />
            </doseQuantity>
        </doseAndRate>
        <maxDosePerPeriod>
            <numerator>
                <value value="3.6" />
                <unit value="gram" />
                <system value="http://unitsofmeasure.org" />
                <code value="g" />
            </numerator>
            <denominator>
                <value value="24" />
                <unit value="hour" />
                <system value="http://unitsofmeasure.org" />
                <code value="h" />
            </denominator>
        </maxDosePerPeriod>
    </dosageInstruction>
    <substitution>
      <allowedBoolean value="false" />
    </substitution>
</MedicationRequest>