<!--   Example use of the FHIR R4 Dosage using multiple parallel sequences   -->
<!--   Furosemide 40mg tablets, take two in the morning and one at midday for one week   -->
<!--   Using a contained Medication resource   -->
<MedicationRequest xmlns="http://hl7.org/fhir">
    <id value="79159c4f-13c4-457a-8962-67fa22432c15" />
    <contained>
        <Medication>
            <id value="med1" />
            <code>
                <coding>
                    <system value="http://snomed.info/sct" />
                    <code value="317972000" />
                    <display value="Furosemide 40mg tablets" />
                </coding>
            </code>
        </Medication>
    </contained>
    <status value="active" />
    <intent value="order" />
    <category>
        <coding>
            <system value="http://terminology.hl7.org/CodeSystem/medicationrequest-category" />
            <code value="inpatient" />
            <display value="inpatient" />
        </coding>
    </category>
    <priority value="routine" />
    <medicationReference>
        <reference value="#med1" />
    </medicationReference>
    <subject>
        <identifier>
            <system value="https://fhir.nhs.uk/Id/nhs-number" />
            <value value="9999999999" />
        </identifier>
    </subject>
    <authoredOn value="2020-05-15T15:00:00Z" />
    <requester>
        <reference value="urn:staff-1112" />
        <display value="Dr Maikeu Well" />
    </requester>
    <recorder>
        <reference value="urn:staff-1112" />
        <display value="Dr Maikeu Well" />
    </recorder>
    <dosageInstruction>
        <sequence value="1" />
        <timing>
            <repeat>
                <boundsDuration>
                    <value value="1" />
                    <unit value="week" />
                    <system value="http://unitsofmeasure.org" />
                    <code value="wk" />
                </boundsDuration>
                <frequency value="1" />
                <period value="1" />
                <periodUnit value="d" />
                <when value="MORN" />
            </repeat>
        </timing>
        <doseAndRate>
            <doseQuantity>
                <value value="2" />
                <unit value="tablet" />
                <system value="http://snomed.info/sct" />
                <code value="428673006" />
            </doseQuantity>
        </doseAndRate>
    </dosageInstruction>
    <dosageInstruction>
        <sequence value="1" />
        <timing>
            <repeat>
                <boundsDuration>
                    <value value="1" />
                    <unit value="week" />
                    <system value="http://unitsofmeasure.org" />
                    <code value="wk" />
                </boundsDuration>
                <frequency value="1" />
                <period value="1" />
                <periodUnit value="d" />
                <timeOfDay value="12:00:00" />
            </repeat>
        </timing>
        <doseAndRate>
            <doseQuantity>
                <value value="1" />
                <unit value="tablet" />
                <system value="http://snomed.info/sct" />
                <code value="428673006" />
            </doseQuantity>
        </doseAndRate>
    </dosageInstruction>
    <substitution>
      <allowedBoolean value="false" />
    </substitution>
</MedicationRequest>