<Composition xmlns="http://hl7.org/fhir">
  <id value="2880eedf-76f0-4f38-9681-dc158e937da7" />
  <identifier>
    <system value="https://tools.ietf.org/html/rfc4122" />
    <value value="2b5d459b-df79-4a2b-9b0c-95b2a7ee2ca4" />
  </identifier>
  <status value="final" />
  <type>
    <coding>
      <system value="http://snomed.info/sct" />
      <code value="196981000000101" />
      <display value="General Practice Summary" />
    </coding>
  </type>
  <date value="2007-03-15T01:00:00Z" />
  <subject>
    <reference value="urn:uuid:b6f5dd89-fc3a-466d-baad-126c0aac46fc" />
  </subject>
  <author>
    <reference value="urn:uuid:83c26c8f-ee72-4534-8891-0136972b2106" />
    <display value="Dr Steve Jones" />
  </author>
  <title value="General Practice Summary" />
  <section>
    <title value="General Practice Summary" />
    <text>
      <status value="generated" />
      <div xmlns="http://www.w3.org/1999/xhtml">
        <h3>Sourced from the patient's General Practice record. This information has not been verified by the practice prior to sending. This summary 
								may not include all the information pertinent to this patient NB the patient may have opted to leave out items from this summary</h3>
        <h3>Time of summary creation 16.00 15-Mar-2007</h3>
        <h3>Author Dr Steve Jones, The Bridge Street Practice, Bridge Street, Bridge Town, Bridgeshire, 
								BT1 1BT, England, +4401234567890</h3>
        <h3>Date of sending this summary 15-Mar-2007</h3>
      </div>
    </text>
  </section>
  <section>
    <title value="Allergies and Adverse Reactions" />
    <text>
      <status value="generated" />
      <div xmlns="http://www.w3.org/1999/xhtml">
        <table>
          <thead>
            <tr>
              <th>Date</th>
              <th>Description</th>
              <th>Supporting information</th>
            </tr>
          </thead>
          <tbody>
            <tr>
              <td>13-Jan-07</td>
              <td>Refused consent for upload to national shared electronic record</td>
            </tr>
            <tr>
              <td>14-Nov-06</td>
              <td>Allergy to Drug - Penicillin, (probably present) . </td>
              <td>Patient stated that they told that they were were allergic to penicillin by their parents </td>
            </tr>
          </tbody>
        </table>
      </div>
    </text>
  </section>
  <section>
    <title value="Repeat Medication" />
    <text>
      <status value="generated" />
      <div xmlns="http://www.w3.org/1999/xhtml">
        <table>
          <thead>
            <tr>
              <th>Date first prescribed</th>
              <th>Medication Item</th>
              <th>Dosage instructions</th>
              <th>Quantity or duration</th>
              <th>Reason for medication</th>
              <th>Supporting information</th>
            </tr>
          </thead>
          <tbody>
            <tr>
              <td>02-Mar-06</td>
              <td>1% Hydrocortisone cream</td>
              <td>use on affected areas twice a day</td>
              <td />
              <td />
              <td>Used for eczema on forearms</td>
            </tr>
            <tr>
              <td>12-Jan-05</td>
              <td>atenolol 50mg tablets</td>
              <td>take one daily</td>
              <td />
              <td>Ischaemic Heart disease</td>
              <td />
            </tr>
            <tr>
              <td>30-Apr-04</td>
              <td>lisinopril 10mg</td>
              <td>take one daily</td>
              <td />
              <td>Ischaemic Heart disease</td>
              <td />
            </tr>
          </tbody>
        </table>
      </div>
    </text>
  </section>
  <section>
    <title value="Acute Medication" />
    <text>
      <status value="generated" />
      <div xmlns="http://www.w3.org/1999/xhtml">
        <table>
          <thead>
            <tr>
              <th>Date prescribed</th>
              <th>Medication Item</th>
              <th>Dosage instructions</th>
              <th>Quantity or duration</th>
              <th>Reason for medication</th>
              <th>Supporting information</th>
            </tr>
          </thead>
          <tbody>
            <tr>
              <td>13-Jan-07</td>
              <td>Refused consent for upload to national shared electronic record</td>
              <td />
              <td />
              <td />
              <td />
            </tr>
            <tr>
              <td>12-Nov-06</td>
              <td>Amoxycillin 500mg tablets</td>
              <td>one four times daily</td>
              <td>7 days</td>
              <td />
              <td>Chest infection - green sputum for 3 days</td>
            </tr>
            <tr>
              <td>16-Nov-06</td>
              <td>erythromycin 500mg tablets</td>
              <td>one four times daily</td>
              <td>7 days</td>
              <td>Allergy to Penicillin</td>
              <td />
            </tr>
            <tr>
              <td>01-Dec-06</td>
              <td>Paracetamol 500mg tablets</td>
              <td>one or two tablet four times daily as required</td>
              <td>100 tablets</td>
              <td>Right Knee pain</td>
              <td />
            </tr>
            <tr>
              <td>01-Dec-06</td>
              <td>Codeine 30mg tablets</td>
              <td>one or two tablet four times daily as required</td>
              <td>100 tablets</td>
              <td>Right Knee pain</td>
              <td />
            </tr>
          </tbody>
        </table>
      </div>
    </text>
  </section>
  <section>
    <title value="Discontinued Repeat Medication" />
    <text>
      <status value="generated" />
      <div xmlns="http://www.w3.org/1999/xhtml">
        <table>
          <thead>
            <tr>
              <th>Date</th>
              <th>Medication Item</th>
              <th>Dosage instructions</th>
              <th>Quantity or duration</th>
              <th>Reason for medication</th>
              <th>Supporting information</th>
            </tr>
          </thead>
          <tbody>
            <tr>
              <td>Start 03-Jan-92 End 02-Feb-06</td>
              <td>Bendrofluazide 2.5mg tablets</td>
              <td>One daliy</td>
              <td />
              <td>hypokalaemia</td>
              <td />
            </tr>
          </tbody>
        </table>
      </div>
    </text>
  </section>
  <section>
    <title value="Risks to Care professional or Third Party" />
    <text>
      <status value="generated" />
      <div xmlns="http://www.w3.org/1999/xhtml">
        <table>
          <thead>
            <tr>
              <th>Date</th>
              <th>Description</th>
              <th>Supporting information</th>
            </tr>
          </thead>
          <tbody>
            <tr>
              <td>14-Feb-05</td>
              <td>Hepatitis B</td>
              <td>Hepatitis B surface antigen positive on last test 3 months ago</td>
            </tr>
          </tbody>
        </table>
      </div>
    </text>
  </section>
  <section>
    <title value="Diagnoses" />
    <text>
      <status value="generated" />
      <div xmlns="http://www.w3.org/1999/xhtml">
        <table>
          <thead>
            <tr>
              <th>Date</th>
              <th>Description</th>
              <th>Supporting information</th>
            </tr>
          </thead>
          <tbody>
            <tr>
              <td>12-Jan-06</td>
              <td>Myocardial Infarction</td>
              <td />
            </tr>
            <tr>
              <td>12-Jan-06</td>
              <td>Ischaemic heart disease</td>
              <td>No symptomatic problems - on preventative measures only.</td>
            </tr>
            <tr>
              <td>14-Feb-05</td>
              <td>Hepatitis B</td>
              <td>Hepatitis B surface antigen positive on last test 3 months ago.</td>
            </tr>
            <tr>
              <td>30-Apr-04</td>
              <td>Osteoarthritis</td>
              <td>Starting to affect both hips and both knees.</td>
            </tr>
            <tr>
              <td>17-Dec-99</td>
              <td>Lobar Pneumonia</td>
              <td>Left lower lobe - treated in hospital with antibiotics</td>
            </tr>
          </tbody>
        </table>
      </div>
    </text>
  </section>
  <section>
    <title value="Problems and issues" />
    <text>
      <status value="generated" />
      <div xmlns="http://www.w3.org/1999/xhtml">
        <table>
          <thead>
            <tr>
              <th>Date</th>
              <th>Description</th>
              <th>Supporting information</th>
            </tr>
          </thead>
          <tbody>
            <tr>
              <td>12-Jan-06</td>
              <td>Ischaemic heart disease</td>
              <td>No symptomatic problems - on preventative measures only.</td>
            </tr>
            <tr>
              <td>20-Feb-03</td>
              <td>Knee pain - right</td>
              <td />
            </tr>
          </tbody>
        </table>
      </div>
    </text>
  </section>
  <section>
    <title value="Clinical Observation and Findings" />
    <text>
      <status value="generated" />
      <div xmlns="http://www.w3.org/1999/xhtml">
        <table>
          <thead>
            <tr>
              <th>Date</th>
              <th>Description</th>
              <th>Supporting information</th>
            </tr>
          </thead>
          <tbody>
            <tr>
              <td>12-Jan-06</td>
              <td>body weight - value = 95Kg</td>
              <td />
            </tr>
            <tr>
              <td>10-Feb-03</td>
              <td>Knee pain - right</td>
              <td />
            </tr>
          </tbody>
        </table>
      </div>
    </text>
  </section>
  <section>
    <title value="Treatments" />
    <text>
      <status value="generated" />
      <div xmlns="http://www.w3.org/1999/xhtml">
        <table>
          <thead>
            <tr>
              <th>Date</th>
              <th>Description</th>
              <th>Supporting information</th>
            </tr>
          </thead>
          <tbody>
            <tr>
              <td>22-Feb-06</td>
              <td>Knee replacement - right</td>
              <td />
            </tr>
          </tbody>
        </table>
      </div>
    </text>
  </section>
  <section>
    <title value="Investigations" />
    <text>
      <status value="generated" />
      <div xmlns="http://www.w3.org/1999/xhtml">
        <table>
          <thead>
            <tr>
              <th>Date</th>
              <th>Description</th>
              <th>Supporting information</th>
            </tr>
          </thead>
          <tbody>
            <tr>
              <td>10-Mar-07</td>
              <td>Magnetic resonance imaging - planned</td>
              <td>to look into ongoing pain in the right knee.</td>
            </tr>
          </tbody>
        </table>
      </div>
    </text>
  </section>
  <section>
    <title value="Provision of Advice and Information to Patients and Carers" />
    <text>
      <status value="generated" />
      <div xmlns="http://www.w3.org/1999/xhtml">
        <table>
          <thead>
            <tr>
              <th>Date</th>
              <th>Description</th>
              <th>Supporting information</th>
            </tr>
          </thead>
          <tbody>
            <tr>
              <td>12-Mar-07</td>
              <td>Advice about exercise</td>
              <td>Advised to only perform light exercise.</td>
            </tr>
          </tbody>
        </table>
      </div>
    </text>
  </section>
  <section>
    <title value="Personal Preferences" />
    <text>
      <status value="generated" />
      <div xmlns="http://www.w3.org/1999/xhtml">
        <table>
          <thead>
            <tr>
              <th>Date</th>
              <th>Description</th>
              <th>Supporting information</th>
            </tr>
          </thead>
          <tbody>
            <tr>
              <td>15-Jan-06</td>
              <td>Preference for male healthcare professional</td>
              <td />
            </tr>
          </tbody>
        </table>
      </div>
    </text>
  </section>
  <section>
    <title value="Social and Personal Circumstances" />
    <text>
      <status value="generated" />
      <div xmlns="http://www.w3.org/1999/xhtml">
        <table>
          <thead>
            <tr>
              <th>Date</th>
              <th>Description</th>
              <th>Supporting information</th>
            </tr>
          </thead>
          <tbody>
            <tr>
              <td>01-Jan-76</td>
              <td>Director of photography (motion picture)</td>
              <td />
            </tr>
          </tbody>
        </table>
      </div>
    </text>
  </section>
  <section>
    <title value="Services, Care Professionals and Carers" />
    <text>
      <status value="generated" />
      <div xmlns="http://www.w3.org/1999/xhtml">
        <table>
          <thead>
            <tr>
              <th>Date</th>
              <th>Description</th>
              <th>Supporting information</th>
              <th>Person or Organisation</th>
            </tr>
          </thead>
          <tbody>
            <tr>
              <td>12-Jan-07</td>
              <td>District nurse attends</td>
              <td />
              <td>Petra Caull Role id 139852035803 person id 591650593093</td>
            </tr>
          </tbody>
        </table>
      </div>
    </text>
  </section>
  <section>
    <title value="Lifestyle" />
    <text>
      <status value="generated" />
      <div xmlns="http://www.w3.org/1999/xhtml">
        <table>
          <thead>
            <tr>
              <th>Date</th>
              <th>Description</th>
              <th>Supporting information</th>
            </tr>
          </thead>
          <tbody>
            <tr>
              <td>12-Jan-06</td>
              <td>Non smoker</td>
              <td />
            </tr>
          </tbody>
        </table>
      </div>
    </text>
  </section>
  <section>
    <title value="Family History" />
    <text>
      <status value="generated" />
      <div xmlns="http://www.w3.org/1999/xhtml">
        <table>
          <thead>
            <tr>
              <th>Date</th>
              <th>Description</th>
              <th>Supporting information</th>
            </tr>
          </thead>
          <tbody>
            <tr>
              <td>12-Jun-91</td>
              <td>Family history of Ischeamic heart disease</td>
              <td>Father died of heart attack at age 55</td>
            </tr>
          </tbody>
        </table>
      </div>
    </text>
  </section>
</Composition>