<ImplementationGuide xmlns="http://hl7.org/fhir"><url value="/guide/SummaryCareRecordWithCodedData?version=current" /><version value="1.2.2 Release Candidate" /><name value="Summary Care Record FHIR API (Release Candidate 1.2.2)" /><status value="draft" /><description value="Summary Care Record With Coded COVID-19 Data (Release Candidate 1.2.0) builds on the first release of the Summary Care Record, adding coded data for COVID-19 SNOMED CT concepts, and adds in URL updates." /><fhirVersion value="4.0.0" /><definition><page><nameUrl value="Home.md" /><title value="Home" /><generation value="markdown" /><page><nameUrl value="Overview.md" /><title value="Overview" /><generation value="markdown" /><page><nameUrl value="Releasenotes.md" /><title value="Release notes" /><generation value="markdown" /></page><page><nameUrl value="Guideversioning.md" /><title value="Guide versioning" /><generation value="markdown" /></page><page><nameUrl value="Glossary.md" /><title value="Glossary" /><generation value="markdown" /></page></page><page><nameUrl value="FHIRAssets-duplicate-2.md" /><title value="FHIR Assets" /><generation value="markdown" /><page><nameUrl value="Profiles.md" /><title value="Profiles" /><generation value="markdown" /></page><page><nameUrl value="AllAssets.md" /><title value="All Assets" /><generation value="markdown" /><page><nameUrl value="AllProfiles.md" /><title value="All Profiles" /><generation value="markdown" /><page><nameUrl value="Bundle.md" /><title value="Bundle" /><generation value="markdown" /></page><page><nameUrl value="Composition.md" /><title value="Composition" /><generation value="markdown" /></page><page><nameUrl value="DocumentReference.md" /><title value="DocumentReference" /><generation value="markdown" /></page><page><nameUrl value="Practitioner.md" /><title value="Practitioner" /><generation value="markdown" /></page><page><nameUrl value="PractitionerRole.md" /><title value="Practitioner Role" /><generation value="markdown" /></page><page><nameUrl value="Patient.md" /><title value="Patient" /><generation value="markdown" /></page><page><nameUrl value="Observation.md" /><title value="Observation" /><generation value="markdown" /></page><page><nameUrl value="Encounter.md" /><title value="Encounter" /><generation value="markdown" /></page><page><nameUrl value="Procedure.md" /><title value="Procedure" /><generation value="markdown" /></page><page><nameUrl value="Immunization.md" /><title value="Immunization" /><generation value="markdown" /></page><page><nameUrl value="Communication.md" /><title value="Communication" /><generation value="markdown" /></page><page><nameUrl value="ImmunizationRecommendation.md" /><title value="ImmunizationRecommendation" /><generation value="markdown" /></page><page><nameUrl value="Organization.md" /><title value="Organization" /><generation value="markdown" /></page><page><nameUrl value="SCR-Alert-AuditEvent.md" /><title value="SCR-Alert-AuditEvent" /><generation value="markdown" /></page></page><page><nameUrl value="AllExtensions.md" /><title value="All Extensions" /><generation value="markdown" /><page><nameUrl value="Extension-SCR-NotificationMessage.md" /><title value="Extension-SCR-NotificationMessage" /><generation value="markdown" /></page></page><page><nameUrl value="AllOperationDefinitions.md" /><title value="All OperationDefinitions" /><generation value="markdown" /><page><nameUrl value="setPermission-duplicate-2.md" /><title value="setPermission" /><generation value="markdown" /></page></page><page><nameUrl value="AllValueSets.md" /><title value="All ValueSets" /><generation value="markdown" /><page><nameUrl value="ValueSet-SCR-ACSPermission.md" /><title value="ValueSet-SCR-ACSPermission" /><generation value="markdown" /></page><page><nameUrl value="ValueSet-SCR-AlertReason.md" /><title value="ValueSet-SCR-AlertReason" /><generation value="markdown" /></page><page><nameUrl value="ValueSet-SCR-AlertType.md" /><title value="ValueSet-SCR-AlertType" /><generation value="markdown" /></page></page><page><nameUrl value="AllCodeSystems.md" /><title value="All CodeSystems" /><generation value="markdown" /><page><nameUrl value="CodeSystem-SCR-ACSPermission.md" /><title value="CodeSystem-SCR-ACSPermission" /><generation value="markdown" /></page><page><nameUrl value="CodeSystem-SCR-AlertReason.md" /><title value="CodeSystem-SCR-AlertReason" /><generation value="markdown" /></page><page><nameUrl value="CodeSystem-SCR-AlertType.md" /><title value="CodeSystem-SCR-AlertType" /><generation value="markdown" /></page></page></page></page><page><nameUrl value="Design.md" /><title value="Design" /><generation value="markdown" /><page><nameUrl value="Designoverview.md" /><title value="Design overview" /><generation value="markdown" /></page><page><nameUrl value="DocumentReferenceDataMapping.md" /><title value="DocumentReference Data Mapping" /><generation value="markdown" /></page><page><nameUrl value="Interactions.md" /><title value="Interactions" /><generation value="markdown" /></page><page><nameUrl value="FHIRdocumentbundle.md" /><title value="FHIR document bundle" /><generation value="markdown" /></page><page><nameUrl value="CodedEntriesCOVID-19.md" /><title value="Coded Entries (COVID-19)" /><generation value="markdown" /></page><page><nameUrl value="AllInteractions.md" /><title value="All Interactions" /><generation value="markdown" /><page><nameUrl value="VerifyLatestSCR-duplicate-2.md" /><title value="Verify Latest SCR" /><generation value="markdown" /></page><page><nameUrl value="RetrieveLatestSCR.md" /><title value="Retrieve Latest SCR" /><generation value="markdown" /></page><page><nameUrl value="GetSCRId.md" /><title value="Get SCR Id" /><generation value="markdown" /></page><page><nameUrl value="GetSCRDocument.md" /><title value="Get SCR Document" /><generation value="markdown" /></page><page><nameUrl value="SetPermission.md" /><title value="Set Permission" /><generation value="markdown" /></page><page><nameUrl value="PostAlert.md" /><title value="Post Alert" /><generation value="markdown" /></page></page></page><page><nameUrl value="Build.md" /><title value="Build" /><generation value="markdown" /><page><nameUrl value="Howtoconstructbundle.md" /><title value="How to construct bundle" /><generation value="markdown" /></page><page><nameUrl value="Howtoconstructcodedentries.md" /><title value="How to construct coded entries" /><generation value="markdown" /><page><nameUrl value="CRETypes.md" /><title value="CRE Types" /><generation value="markdown" /><page><nameUrl value="Investigationresult.md" /><title value="Investigation result" /><generation value="markdown" /></page><page><nameUrl value="Risktopatient.md" /><title value="Risk to patient" /><generation value="markdown" /></page><page><nameUrl value="CareEvents.md" /><title value="Care Events" /><generation value="markdown" /></page><page><nameUrl value="Investigations.md" /><title value="Investigations" /><generation value="markdown" /></page><page><nameUrl value="Treatments.md" /><title value="Treatments" /><generation value="markdown" /></page><page><nameUrl value="Diagnoses.md" /><title value="Diagnoses" /><generation value="markdown" /></page><page><nameUrl value="Clinicalobservationsandfindings.md" /><title value="Clinical observations and findings" /><generation value="markdown" /></page><page><nameUrl value="Personalpreferences.md" /><title value="Personal preferences" /><generation value="markdown" /></page><page><nameUrl value="Medicationrecommendations.md" /><title value="Medication recommendations" /><generation value="markdown" /></page><page><nameUrl value="Medicationrecord.md" /><title value="Medication record" /><generation value="markdown" /></page><page><nameUrl value="Provisionofadviceandguidance.md" /><title value="Provision of advice and guidance" /><generation value="markdown" /></page><page><nameUrl value="Patientcarercorrespondence.md" /><title value="Patient carer correspondence" /><generation value="markdown" /></page></page><page><nameUrl value="Addingcodedentriestothedocument.md" /><title value="Adding coded entries to the document" /><generation value="markdown" /></page></page><page><nameUrl value="APIusage.md" /><title value="API usage" /><generation value="markdown" /></page><page><nameUrl value="HL7v3toFHIRmappingGPSummary.md" /><title value="HL7v3 to FHIR mapping (GPSummary)" /><generation value="markdown" /></page><page><nameUrl value="CodedEntriesforCOVID-19Mappings.md" /><title value="Coded Entries for COVID-19 Mappings" /><generation value="markdown" /><page><nameUrl value="DiagnosisCodedEntry.md" /><title value="Diagnosis Coded Entry" /><generation value="markdown" /></page><page><nameUrl value="FindingCodedEntry.md" /><title value="Finding Coded Entry" /><generation value="markdown" /></page><page><nameUrl value="ParticipantCodedEntry.md" /><title value="Participant Coded Entry" /><generation value="markdown" /></page><page><nameUrl value="NonAgenRoleMapping.md" /><title value="NonAgenRole Mapping" /><generation value="markdown" /></page><page><nameUrl value="RAgentNPFITDeviceUKCTRM120600UK02Mapping.md" /><title value="R_AgentNPFITDevice (UKCT_RM120600UK02) Mapping" /><generation value="markdown" /></page><page><nameUrl value="RAgentNPFITPersonGeneralUKCTRM160018UK01Mapping.md" /><title value="R_AgentNPFITPersonGeneral (UKCT_RM160018UK01) Mapping" /><generation value="markdown" /></page></page><page><nameUrl value="TESAlerttoAuditEventmapping.md" /><title value="TES Alert to AuditEvent mapping" /><generation value="markdown" /></page></page><page><nameUrl value="Examples.md" /><title value="Examples" /><generation value="markdown" /><page><nameUrl value="ExampleBundleGPSummary.md" /><title value="Example Bundle GP Summary" /><generation value="markdown" /></page><page><nameUrl value="ExampleHL7v3withFHIRMapping.md" /><title value="Example HL7v3 with FHIR Mapping" /><generation value="markdown" /></page><page><nameUrl value="ExampleSCR-Alert-AuditEvent.md" /><title value="Example SCR-Alert-AuditEvent" /><generation value="markdown" /></page><page><nameUrl value="Extension-SCR-NotificationMessageExample.md" /><title value="Extension-SCR-NotificationMessage Example" /><generation value="markdown" /></page></page><page><nameUrl value="Downloads.md" /><title value="Downloads" /><generation value="markdown" /></page><page><nameUrl value="Helpandsupport.md" /><title value="Help and support" /><generation value="markdown" /></page></page></definition></ImplementationGuide>