<ValueSet xmlns="http://hl7.org/fhir">
  <id value="SCR-AlertReason" />
  <url value="https://fhir.nhs.uk/ValueSet/SCR-AlertReason" />
  <version value="1.0.0" />
  <name value="SCR-AlertReason" />
  <title value="Summary Care Record Alert Reason" />
  <status value="active" />
  <date value="2020-11-10T00:00:00+00:00" />
  <publisher value="NHS Digital" />
  <contact>
    <name value="NHS Digital" />
    <telecom>
      <system value="email" />
      <value value="interoperabilityteam@nhs.net" />
      <use value="work" />
    </telecom>
  </contact>
  <description value="A valueset to identify the reason a viewing alert has been triggered while viewing a Summary Care Record." />
  <copyright value="Copyright © 2020 NHS Digital" />
  <compose>
    <include>
      <system value="https://fhir.nhs.uk/CodeSystem/SCR-AlertReason" />
    </include>
  </compose>
</ValueSet>