{
  "resourceType": "OperationOutcome",
  "id":"58977ddf-a021-46c4-bbb2-a7fa662f48e0",
  "meta": {
    "profile": [
      "https://fhir.hl7.org.uk/StructureDefinition/UKCore-OperationOutcome"
    ]
  },
  "issue": [
    {
      "severity": "error",
      "code": "security",
      "details": {
        "coding": [
          {
            "system": "https://fhir.nhs.uk/Codesystem/http-error-codes",
            "code": "REC_UNAUTHORIZED"
          }
        ]
      },
      "diagnostics": "<Receiver Identifier (ODS?)> deemed you unauthorized to make this request: <further diagnostics information, error message/error text>"
    }
  ]
}