{
  "resourceType": "Bundle",
  "id": "bars-documentation-businesslevelguidance",
  "meta": {
    "versionId": "1.0.0"
  },
  "type": "collection",
  "timestamp": "2023-01-26T15:00:00+00:00",
  "entry": [
    {
      "resource": {
        "resourceType": "Library",
        "id": "servicerequestrequest-messageheader-111_ED",
        "version": "1.0.0",
        "title": "111 to ED Message Header resource guidance",
        "status": "active",
        "type": {
          "coding": [
            {
              "code": "model-definition"
            }
          ]
        },
        "date": "",
        "description": "BaRS documentation artifact that defines business level guidance for BaRS payload resources",
        "parameter": [
          {
            "name": "extension",
            "min": "1",
            "max": "1",
            "documentation": "|Extension for CDSS information|Must",
            "use": "in",
            "type": "Any"
          },
          {
            "name": "extension.url",
            "min": "1",
            "max": "1",
            "documentation": "<a href='https://fhir.nhs.uk/StructureDefinition/CDSSExtension'>https://fhir.nhs.uk/StructureDefinition/CDSSExtension</a>|If Available, this information MUST be included.|Must",
            "use": "in",
            "type": "Any"
          },
          {
            "name": "extension.extension",
            "min": "1",
            "max": "1",
            "documentation": "|Nested extension for CDSS Software Information|Must",
            "use": "in",
            "type": "Any"
          },
          {
            "name": "extension.extension.url",
            "min": "1",
            "max": "1",
            "documentation": "requesterCDSSSoftware|Pre-defined Clinical Decision Support System software url|Must",
            "use": "in",
            "type": "Any"
          },
          {
            "name": "extension.extension.valueString",
            "min": "1",
            "max": "1",
            "documentation": "Pathways|Clinical Decision Support System software name e.g. Pathways|Must",
            "use": "in",
            "type": "Any"
          },
          {
            "name": "extension.extension",
            "min": "1",
            "max": "1",
            "documentation": "|Nested extension for CDSS software version information|Must",
            "use": "in",
            "type": "Any"
          },
          {
            "name": "extension.extension.url",
            "min": "1",
            "max": "1",
            "documentation": "requesterCDSSVersion|Pre-defined Clinical Decision Support System software Version url|Must",
            "use": "in",
            "type": "Any"
          },
          {
            "name": "extension.extension.valueString",
            "min": "1",
            "max": "1",
            "documentation": "30.2.0|Clinical Decision Support System software Version name e.g 30.2.0|Must",
            "use": "in",
            "type": "Any"
          },
          {
            "name": "source.software",
            "min": "0",
            "max": "1",
            "documentation": "Supplier Software||Should",
            "use": "in",
            "type": "Any"
          },
          {
            "name": "source.version",
            "min": "0",
            "max": "1",
            "documentation": "V1.0.0||Should",
            "use": "in",
            "type": "Any"
          },
          {
            "name": "source.contact",
            "min": "0",
            "max": "1",
            "documentation": "||Should",
            "use": "in",
            "type": "Any"
          },
          {
            "name": "source.contact.system",
            "min": "0",
            "max": "1",
            "documentation": "phone|Contact Types: phone, fax, email, pager, url, sms or other|Should",
            "use": "in",
            "type": "Any"
          },
          {
            "name": "source.contact.value",
            "min": "0",
            "max": "1",
            "documentation": "+44 (0123) 123 4567|Contact Type value|Should",
            "use": "in",
            "type": "Any"
          },
          {
            "name": "reason.display",
            "min": "0",
            "max": "1",
            "documentation": "New|This COULD be populated with 'new' in a new message and 'update' for an update|Could",
            "use": "in",
            "type": "Any"
          }
        ]
      }
    },
    {
      "resource": {
        "resourceType": "Library",
        "id": "servicerequestrequest-servicerequest-111_ED",
        "version": "1.0.0",
        "title": "111 to ED Service Request resource guidance",
        "status": "active",
        "type": {
          "coding": [
            {
              "code": "model-definition"
            }
          ]
        },
        "date": "",
        "description": "BaRS documentation artifact that defines business level guidance for BaRS payload resources",
        "parameter": [
          {
            "name": "category.display",
            "min": "0",
            "max": "1",
            "documentation": "Transfer of Care|This should be populated with \"Transfer of Care\"|Should",
            "use": "in",
            "type": "Any"
          },
          {
            "name": "occurance.occurancePeriod",
            "min": "0",
            "max": "1",
            "documentation": "|",
            "use": "in",
            "type": "Any"
          },
          {
            "name": "occurance.occurancePeriod.start",
            "min": "0",
            "max": "1",
            "documentation": "2021-10-11T15:23:30+00:00|The start of the period must be \"now\"|Should",
            "use": "in",
            "type": "Any"
          },
          {
            "name": "occurance.occurancePeriod.end",
            "min": "0",
            "max": "1",
            "documentation": "2021-10-11T15:23:45+00:00|The time by which the next service provision should have started (for example this would align with the disposition timeframe from Pathways)|Should",
            "use": "in",
            "type": "Any"
          },
          {
            "name": "authoredOn",
            "min": "0",
            "max": "1",
            "documentation": "2021-10-11T15:23:25+00:00|This MUST be populated with the date time the request transitioned to being actionable. In case it's 'blank' the date time should fall back to the submission time/system time of the SENDING system|Must",
            "use": "in",
            "type": "Any"
          },
          {
            "name": "performer.reference",
            "min": "1",
            "max": "1",
            "documentation": "urn:uuid:8c63d621-2344-4f57-8699-e8e22d44235h||Must",
            "use": "in",
            "type": "Any"
          },
          {
            "name": "locationReference.reference",
            "min": "0",
            "max": "1",
            "documentation": "urn:uuid:8c63d621-4g67-4f57-8699-e8e22d44234i|This MUST link to the Location resource|Could",
            "use": "in",
            "type": "Any"
          },
          {
            "name": "reasonCode.text",
            "min": "0",
            "max": "1",
            "documentation": "Revoked as patient has been dealth with.|This will ONLY be populated  in a cancellation message with the reason for cancellation|Could",
            "use": "in",
            "type": "Any"
          },
          {
            "name": "supportingInfo",
            "min": "0",
            "max": "1",
            "documentation": "|This is used to indicate RejectedServices (Flag and Questionnaire Repsonse) or link to an Appointment resource|Should",
            "use": "in",
            "type": "Any"
          },
          {
            "name": "supportingInfo.reference",
            "min": "0",
            "max": "1",
            "documentation": "urn:uuid:65508934-c9e6-46d2-a393-af096b502daf|reference to Rejected Service Questionnaire or Flag or, alternatively, link to an Appointment|Should",
            "use": "in",
            "type": "Any"
          },
          {
            "name": "supportingInfo.display",
            "min": "0",
            "max": "1",
            "documentation": "Rejected Services - Patient Choice in Service Selection - Details|Display info|Should",
            "use": "in",
            "type": "Any"
          },
          {
            "name": "PatientInstruction",
            "min": "0",
            "max": "1",
            "documentation": "ADVICE GIVEN: If there are any new symptoms, or if the condition gets worse, changes or you have any other concerns|This MUST be populated with any advice given to the patient ( e.g. worsening advice)|Could",
            "use": "in",
            "type": "Any"
          }
        ]
      }
    }
  ]
}