<Flag xmlns="http://hl7.org/fhir">
  <id value="22394f04-7556-40c7-8f9c-9ff716939170" />
  <meta>
    <lastUpdated value="2021-10-11T15:23:30+00:00" />
    <profile value="http://hl7.org/fhir/StructureDefinition/Flag" />
    <profile value="https://fhir.hl7.org.uk/StructureDefinition/UKCore-Flag" />
  </meta>
  <status value="active" />
  <category>
    <coding>
      <system value="https://fhir.nhs.uk/CodeSystem/flag-categories-bars" />
      <code value="CV" />
      <display value="Clinically vulnerable" />
    </coding>
  </category>
  <code>
    <coding>
      <system value="http://snomed.info/sct" />
      <code value="161626009" />
      <display value="History of splenectomy (situation)" />
    </coding>
  </code>
  <subject>
    <reference value="urn:uuid:9589fb37-87a2-48d8-968f-b371429208a8" />
  </subject>
  <period>
    <start value="2022-01-01" />
  </period>
</Flag>