<Flag xmlns="http://hl7.org/fhir">
  <id value="05cdd904-158a-4c8e-93df-d2629ba91636" />
  <meta>
    <lastUpdated value="2021-10-11T15:23:30+00:00" />
    <profile value="http://hl7.org/fhir/StructureDefinition/Flag" />
    <profile value="https://fhir.nhs.uk/StructureDefinition/BARSFlag-scene-safety" />
  </meta>
  <status value="active" />
  <category>
    <coding>
      <system value="https://fhir.nhs.uk/CodeSystem/flag-categories-bars" />
      <code value="SS" />
      <display value="Scene Safety " />
    </coding>
  </category>
  <code>
    <coding>
      <system value="https://fhir.nhs.uk/CodeSystem/scene-safety-codes-bars" />
      <code value="U" />
      <display value="The Scene is unsafe" />
    </coding>
    <text value="There is a weapon on scene" />
  </code>
  <subject>
    <reference value="urn:uuid:2ec99e82-a0af-4b70-bd53-1869d84b2ad1" />
  </subject>
  <period>
    <start value="2022-01-01" />
  </period>
</Flag>