<Flag>
  <id value="01dcdcbb-93c0-4418-a5f5-d8b2573d4854" />
  <meta>
    <lastUpdated value="2021-10-11T15:23:30+00:00" />
    <profile value="http://hl7.org/fhir/StructureDefinition/Flag" />
    <profile value="https://fhir.hl7.org.uk/StructureDefinition/UKCore-Flag" />
  </meta>
  <status value="active" />
  <category>
    <coding>
      <system value="https://fhir.nhs.uk/CodeSystem/flag-categories-bars" />
      <code value="SG" />
      <display value="Safeguarding Concern" />
    </coding>
  </category>
  <code>
    <coding>
      <system value="https://fhir.nhs.uk/CodeSystem/safeguarding-codes-bars" />
      <code value="U" />
      <display value="Unspecified Safeguarding Concern Identified" />
    </coding>
  </code>
  <subject>
    <reference value="urn:uuid:9589fb37-87a2-48d8-968f-b371429208a8" />
  </subject>
  <period>
    <start value="2021-10-11T12:15:10+00:00" />
    <end value="2021-10-11T12:15:10+00:00" />
  </period>
</Flag>