<Flag xmlns="http://hl7.org/fhir">
  <id value="de450c70-2972-403e-a239-6593386ad04c" />
  <meta>
    <lastUpdated value="2021-10-11T15:23:30+00:00" />
    <profile value="http://hl7.org/fhir/StructureDefinition/Flag" />
    <profile value="https://fhir.hl7.org.uk/StructureDefinition/UKCore-Flag" />
  </meta>
  <status value="active" />
  <category>
    <coding>
      <system value="https://fhir.nhs.uk/CodeSystem/flag-categories-bars" />
      <code value="PS" />
      <display value="Psychological/social risk" />
    </coding>
  </category>
  <code>
    <coding>
      <system value="http://snomed.info/sct" />
      <code value="32911000" />
      <display value="Homeless (finding)" />
    </coding>
  </code>
  <subject>
    <reference value="urn:uuid:9589fb37-87a2-48d8-968f-b371429208a8" />
  </subject>
  <period>
    <start value="2022-01-01" />
  </period>
</Flag>