<Flag xmlns="http://hl7.org/fhir">
  <id value="ee3a18b4-21b2-439d-9838-a62b0560a363" />
  <meta>
    <lastUpdated value="2021-10-11T15:23:30+00:00" />
    <profile value="http://hl7.org/fhir/StructureDefinition/Flag" />
    <profile value="https://fhir.hl7.org.uk/StructureDefinition/UKCore-Flag" />
  </meta>
  <status value="active" />
  <category>
    <coding>
      <system value="https://fhir.nhs.uk/CodeSystem/flag-categories-bars" />
      <code value="RA" />
      <display value="Reasonable Adjustment" />
    </coding>
  </category>
  <code>
    <coding>
      <system value="https://fhir.nhs.uk/flag-codes-bars" />
      <code value="addsupport" />
      <display value="Provision of Additional Support" />
    </coding>
  </code>
  <subject>
    <reference value="urn:uuid:9589fb37-87a2-48d8-968f-b371429208a8" />
  </subject>
  <period>
    <start value="2022-01-01" />
  </period>
</Flag>