<Patient>
  <id value="529b583f-5e01-41ea-9b49-0b7e3fee719f" />
  <meta>
    <lastUpdated value="2021-11-26T15:00:00+00:00" />
    <profile value="https://fhir.hl7.org.uk/StructureDefinition/UKCore-Patient" />
  </meta>
  <!--     added birthSex extension     -->
  <extension url="https://fhir.hl7.org.uk/StructureDefinition/Extension-UKCore-BirthSex">
    <valueCode value="F" />
  </extension>
  <!--     added EthnicCategory extension     -->
  <extension url="https://fhir.hl7.org.uk/StructureDefinition/Extension-UKCore-EthnicCategory">
    <valueCodeableConcept>
      <coding>
        <system value="https://fhir.hl7.org.uk/CodeSystem/UKCore-EthnicCategory" />
        <code value="A" />
        <display value="British, Mixed British" />
      </coding>
    </valueCodeableConcept>
  </extension>
  <!--     added Religion extension     -->
  <extension url="http://hl7.org/fhir/StructureDefinition/patient-religion">
    <valueCodeableConcept>
      <coding>
        <system value="http://terminology.hl7.org/CodeSystem/v3-ReligiousAffiliation" />
        <code value="1041" />
        <display value="Roman Catholic Church" />
      </coding>
    </valueCodeableConcept>
  </extension>
  <identifier>
    <extension url="https://fhir.hl7.org.uk/StructureDefinition/Extension-UKCore-NHSNumberVerificationStatus">
      <valueCodeableConcept>
        <coding>
          <system value="https://fhir.hl7.org.uk/CodeSystem/UKCore-NHSNumberVerificationStatus" />
          <code value="number-present-and-verified" />
          <display value="Number present and verified" />
        </coding>
      </valueCodeableConcept>
    </extension>
    <system value="https://fhir.nhs.uk/Id/nhs-number" />
    <value value="3478526985" />
  </identifier>
  <name>
    <use value="official" />
    <text value="Mrs Julie Jones" />
    <family value="Jones" />
    <given value="Julie" />
    <prefix value="Mrs" />
  </name>
  <gender value="female" />
  <birthDate value="1959-05-04" />
  <address>
    <use value="home" />
    <type value="both" />
    <text value="22 Brightside Crescent, Overtown, West Yorkshire, LS10 4YU" />
    <line value="22 Brightside Crescent" />
    <city value="Overtown" />
    <district value="West Yorkshire" />
    <postalCode value="LS10 4YU" />
  </address>
  <contact>
    <extension url="https://fhir.hl7.org.uk/StructureDefinition/Extension-UKCore-ContactPreference">
      <extension url="PreferredContactMethod">
        <valueCodeableConcept>
          <coding>
            <system value="https://fhir.hl7.org.uk/CodeSystem/UKCore-PreferredContactMethod" />
            <code value="3" />
            <display value="Telephone" />
          </coding>
        </valueCodeableConcept>
      </extension>
    </extension>
    <extension url="https://fhir.hl7.org.uk/StructureDefinition/Extension-UKCore-ContactRank">
      <valuePositiveInt value="1" />
    </extension>
    <telecom>
      <system value="phone" />
      <value value="01138698975" />
      <use value="home" />
      <rank value="2" />
    </telecom>
    <telecom>
      <system value="phone" />
      <value value="07736312544" />
      <use value="mobile" />
      <rank value="1" />
    </telecom>
    <telecom>
      <system value="email" />
      <value value="jjones@hotmail.co.uk" />
      <use value="home" />
      <rank value="1" />
    </telecom>
  </contact>
  <contact>
    <relationship>
      <coding>
        <!--      The relationship that a person has with his or her self.     -->
        <system value="http://terminology.hl7.org/CodeSystem/v3-RoleCode" />
        <code value="ONESELF" />
      </coding>
    </relationship>
    <name>
      <family value="Grayson" />
      <given value="Jack" />
    </name>
    <telecom>
      <system value="phone" />
      <value value="0789 1234123" />
      <rank value="3" />
    </telecom>
    <gender value="male" />
  </contact>
  <communication>
    <language>
      <coding>
        <system value="https://fhir.hl7.org.uk/CodeSystem/UKCore-HumanLanguage" />
        <code value="en" />
        <display value="English" />
      </coding>
    </language>
    <preferred value="true" />
  </communication>
</Patient>