<Questionnaire xmlns="http://hl7.org/fhir">
	<id value="9749ae76-28f7-4b8a-863f-aba64d19d678" />
	<meta>
	    <lastUpdated value="2023-12-20T12:15:30.8185338+00:00" />
		<profile value="https://fhir.hl7.org.uk/StructureDefinition/UKCore-Questionnaire" />
	</meta>
	<contained>
		<ValueSet>
			<id value="breathing"/>
			<name value="Patient breathing values"/>
			<status value="active"/>
			<description value="Answers for patient breathing"/>
			<compose>
				<include>
					<system value="http://snomed.info/sct"/>
					<concept>
						<code value="78064003"/>
						<display value="Respiratory function (observable entity)"/>
						<designation>
							<value value="Y" />
						</designation>
					</concept>
					<concept>
						<code value="1023001"/>
						<display value="Apnea (finding)"/>
						<designation>
							<value value="N" />
						</designation>
					</concept>
				</include>
			</compose>
		</ValueSet>
	</contained>
	<contained>
		<ValueSet>
			<id value="conscious"/>
			<name value="Patient conscious state values"/>
			<status value="active"/>
			<description value="Answers for patient conscious"/>
			<compose>
				<include>
					<system value="http://snomed.info/sct"/>
					<concept>
						<code value="271591004"/>
						<display value="Fully conscious (finding)"/>
						<designation>
							<value value="Y" />
						</designation>
					</concept>
					<concept>
						<code value="428913001"/>
						<display value="No loss of consciousness (situation)"/>
						<designation>
							<value value="Y" />
						</designation>
					</concept>
					<concept>
						<code value="419045004"/>
						<display value="Loss of consciousness (finding)"/>
						<designation>
							<value value="N" />
						</designation>
					</concept>
				</include>
			</compose>
		</ValueSet>
	</contained>
	<contained>
		<ValueSet>
			<id value="noisy"/>
			<name value="Noisy breathing values"/>
			<status value="active"/>
			<description value="Answers for whether patient has noisy breathing"/>
			<compose>
				<include>
					<system value="http://snomed.info/sct"/>
					<concept>
						<code value="248573009"/>
						<display value="Noisy respiration (finding)"/>
						<designation>
							<value value="Y" />
						</designation>
					</concept>
					<concept>
						<code value="373067005"/>
						<display value="No"/>
						<designation>
							<value value="N" />
						</designation>
					</concept>
				</include>
			</compose>
		</ValueSet>
	</contained>
	<identifier>
		<value value="76b4622b-2b8b-4f24-aee5-2631c7695594" />
	</identifier>
	<version value="0.1" />
	<name value="PTS" />
	<title value="Pre Triage Sieve Questionnaire" />
	<status value="active" />
	<experimental value="false" />
	<date value="2023-12-19T14:00:00+00:00" />
	<publisher value="NHSE - BaRS" />
	<description value="PTS Questionnaire for CAD-to-CAD" />
	<item>
		<linkId value="0" />
		<text value="Is the patient breathing?" />
		<type value="choice" />
		<required value="true" />
		<answerValueSet value="#breathing"/>
	</item>
	<item>
		<linkId value="1" />
		<text value="Is the patient awake (conscious)?" />
		<type value="choice" />
		<enableWhen>
			<question value="0" />
			<operator value="="/> 
			<answerCoding>
				<code value="78064003" />
				<display value="Respiratory function (observable entity)" />
			</answerCoding>
		</enableWhen>
		<required value="false" />
		<answerValueSet value="#conscious"/>
	</item>
	<item>
		<linkId value="2" />
		<text value="Is their breathing noisy?" />
		<type value="choice" />
		<enableWhen>
			<question value="1" />
			<operator value="="/> 
			<answerCoding>
				<code value="271591004"/>
				<display value="Fully conscious (finding)"/>
			</answerCoding>
		</enableWhen>
		<required value="false" />
		<answerValueSet value="#noisy"/>
	</item>
</Questionnaire>
