<Questionnaire xmlns="http://hl7.org/fhir">
	<id value="81599e54-c713-4f3e-bca9-90225657f18d" />
	<meta>
		<lastUpdated value="2023-12-20T12:15:30.8185338+00:00" />
		<profile value="https://fhir.hl7.org.uk/StructureDefinition/UKCore-Questionnaire" />
	</meta>
	<identifier>
		<value value="bf28a7e8-ae92-4e86-8c0f-ac3144f81bf6" />
	</identifier>
	<version value="0.1" />
	<name value="NOC" />
	<title value="Nature of Call Questionnaire" />
	<status value="active" />
	<experimental value="false" />
	<date value="2023-12-20T14:00:00+00:00" />
	<publisher value="NHSE - BaRS" />
	<description value="NOC Questionnaire for CAD-to-CAD" />
	<item>
		<linkId value="0" />
		<text value="What is the nature of call?" />
		<type value="choice" />
		<required value="true" />
		<answerOption>
			<valueCoding>
				<code value="CHOM"/>
				<display value="Choking"/>
			</valueCoding>
		</answerOption>
		<answerOption>
			<valueCoding>
				<code value="DAHM"/>
				<display value="Dangerous Haemorrhage"/>
			</valueCoding>
		</answerOption>
		<answerOption>
			<valueCoding>
				<code value="DROM"/>
				<display value="Drowning"/>
			</valueCoding>
		</answerOption>
		<answerOption>
			<valueCoding>
				<code value="FINM"/>
				<display value="Fitting now"/>
			</valueCoding>
		</answerOption>
		<answerOption>
			<valueCoding>
				<code value="HANM"/>
				<display value="Hanging"/>
			</valueCoding>
		</answerOption>
		<answerOption>
			<valueCoding>
				<code value="HI1M"/>
				<display value="HCP /IFT C1"/>
			</valueCoding>
		</answerOption>
		<answerOption>
			<valueCoding>
				<code value="INBM"/>
				<display value="Ineffective Breathing"/>
			</valueCoding>
		</answerOption>
		<answerOption>
			<valueCoding>
				<code value="MATM"/>
				<display value="Major Trauma"/>
			</valueCoding>
		</answerOption>
		<answerOption>
			<valueCoding>
				<code value="MACM"/>
				<display value="Maternity Complications"/>
			</valueCoding>
		</answerOption>
		<answerOption>
			<valueCoding>
				<code value="MEUM"/>
				<display value="Medical (unconscious)"/>
			</valueCoding>
		</answerOption>
		<answerOption>
			<valueCoding>
				<code value="SARM"/>
				<display value="Severe Allergic Reaction"/>
			</valueCoding>
		</answerOption>
		<answerOption>
			<valueCoding>
				<code value="TRUM"/>
				<display value="Trauma (unconcious)"/>
			</valueCoding>
		</answerOption>
		<answerOption>
			<valueCoding>
				<code value="ANAP"/>
				<display value="Anaphylaxis (potential)"/>
			</valueCoding>
		</answerOption>
		<answerOption>
			<valueCoding>
				<code value="AP1P"/>
				<display value="Arrest/ Peri Arrest (Cat1)"/>
			</valueCoding>
		</answerOption>
		<answerOption>
			<valueCoding>
				<code value="ALTP"/>
				<display value="Asthma (life threatening)"/>
			</valueCoding>
		</answerOption>
		<answerOption>
			<valueCoding>
				<code value="CHOP"/>
				<display value="Choking"/>
			</valueCoding>
		</answerOption>
		<answerOption>
			<valueCoding>
				<code value="DROP"/>
				<display value="Drowning"/>
			</valueCoding>
		</answerOption>
		<answerOption>
			<valueCoding>
				<code value="FINP"/>
				<display value="Fitting Now"/>
			</valueCoding>
		</answerOption>
		<answerOption>
			<valueCoding>
				<code value="HANP"/>
				<display value="Hanging"/>
			</valueCoding>
		</answerOption>
		<answerOption>
			<valueCoding>
				<code value="HI1P"/>
				<display value="HCP/IFT C1"/>
			</valueCoding>
		</answerOption>
		<answerOption>
			<valueCoding>
				<code value="OBEP"/>
				<display value="Obstetric Emergency"/>
			</valueCoding>
		</answerOption>
		<answerOption>
			<valueCoding>
				<code value="5SHP"/>
				<display value="Under 5 Severe Haemorrhage"/>
			</valueCoding>
		</answerOption>
		<answerOption>
			<valueCoding>
				<code value="16UP"/>
				<display value="Under 16 unconscious"/>
			</valueCoding>
		</answerOption>
		<answerOption>
			<valueCoding>
				<code value="UNPP"/>
				<display value="Unconscious pregnant > 20 weeks "/>
			</valueCoding>
		</answerOption>
	</item>
</Questionnaire>
